-- phpMyAdmin SQL Dump
-- version 5.2.3
-- https://www.phpmyadmin.net/
--
-- Host: localhost
-- Generation Time: Jan 28, 2026 at 03:01 PM
-- Server version: 10.11.13-MariaDB-0ubuntu0.24.04.1
-- PHP Version: 8.3.27

SET SQL_MODE = "NO_AUTO_VALUE_ON_ZERO";
START TRANSACTION;
SET time_zone = "+00:00";


/*!40101 SET @OLD_CHARACTER_SET_CLIENT=@@CHARACTER_SET_CLIENT */;
/*!40101 SET @OLD_CHARACTER_SET_RESULTS=@@CHARACTER_SET_RESULTS */;
/*!40101 SET @OLD_COLLATION_CONNECTION=@@COLLATION_CONNECTION */;
/*!40101 SET NAMES utf8mb4 */;

--
-- Database: `apps_seating_db`
--

-- --------------------------------------------------------

--
-- Table structure for table `guests`
--

CREATE TABLE `guests` (
  `id` int(11) NOT NULL,
  `group_id` int(11) NOT NULL,
  `name` varchar(255) DEFAULT NULL,
  `role` varchar(255) DEFAULT NULL,
  `image_path` varchar(255) DEFAULT NULL,
  `row_no` int(11) DEFAULT 1,
  `col_no` int(11) DEFAULT 1,
  `status` enum('normal','empty','reserved') DEFAULT 'normal',
  `sort_order` int(11) DEFAULT 0
) ENGINE=InnoDB DEFAULT CHARSET=utf8mb4 COLLATE=utf8mb4_thai_520_w2;

--
-- Dumping data for table `guests`
--

INSERT INTO `guests` (`id`, `group_id`, `name`, `role`, `image_path`, `row_no`, `col_no`, `status`, `sort_order`) VALUES
(124, 25, 'ศาสตราจารย์ ดร.นฤมล ภิญโญสินวัฒน์', 'รัฐมนตรีว่าการกระทรวงศึกษาธิการ', '5/img_696ded3be723c.png', 1, 1, 'normal', 7),
(125, 25, 'นายเอกวิทย์ มีเพียร', 'ผู้ว่าราชการจังหวัดปทุมธานี', NULL, 1, 1, 'normal', 4),
(126, 25, 'ดร.ธิติมา โรจน์วัชราภิบาล', 'ผู้อำนวยการสำนักพัฒนาสมรรถนะครูและบุคลากรอาชีวศึกษา', NULL, 1, 1, 'normal', 12),
(127, 25, 'นายณรงค์ชัย เจริญรุจิทรัพย์', 'รองเลขาธิการคณะกรรมการการอาชีวศึกษา', '5/img_696de92751573.jpg', 1, 1, 'normal', 5),
(128, 25, 'นายสง่า แต่เชื้อสาย', 'รองเลขาธิการคณะกรรมการการอาชีวศึกษา', '5/img_696de87add8cb.png', 1, 1, 'normal', 6),
(129, 25, 'นายธนภัทร แสงจันทร์', 'ผู้อำนวยการสำนักความร่วมมือ', NULL, 1, 1, 'normal', 11),
(130, 25, 'นางเบญจวรรณ ปกป้องงง', 'ผู้อำนวยการสำนักอำนวยการ', NULL, 1, 1, 'normal', 1),
(131, 25, 'นายยศพล เวณุโกเศศ', 'เลขาธิการคณะกรรมการการอาชีวศึกษา', '5/img_696de79f578f7.jpg', 1, 1, 'normal', 8),
(132, 25, 'นายอัศวิน ข่มอาวุธ', 'ผู้อำนวยการสำนักมาตรฐานการอาชีวศึกษาและวิชาชีพ', NULL, 1, 1, 'normal', 3),
(133, 25, 'ดร.บัณฑิต ออกแมน', 'ผู้อำนวยการสำนักนโยบายและแผนการอาชีวศึกษา', NULL, 1, 1, 'normal', 2),
(134, 25, 'นายวิทวัต ปัญจมะวัต', 'รองเลขาธิการคณะกรรมการการอาชีวศึกษา', '5/img_696de81abb3f6.png', 1, 1, 'normal', 9),
(135, 25, 'นายภูวดล มิ่งขวัญ', 'ผู้อำนวยการสำนักวิจัยและพัฒนาการอาชีวศึกษา', '5/img_696de9876d798.png', 1, 1, 'normal', 10),
(136, 26, 'B คนที่ 1', 'ตำแหน่ง/สังกัด (จำลอง)', NULL, 1, 1, 'normal', 0),
(137, 26, 'B คนที่ 2', 'ตำแหน่ง/สังกัด (จำลอง)', NULL, 1, 1, 'normal', 2),
(138, 26, 'B คนที่ 3', 'ตำแหน่ง/สังกัด (จำลอง)', NULL, 1, 1, 'normal', 3),
(139, 26, 'B คนที่ 4', 'ตำแหน่ง/สังกัด (จำลอง)', NULL, 1, 1, 'normal', 1),
(140, 26, 'B คนที่ 5', 'ตำแหน่ง/สังกัด (จำลอง)', NULL, 1, 1, 'normal', 4),
(141, 26, 'B คนที่ 6', 'ตำแหน่ง/สังกัด (จำลอง)', NULL, 1, 1, 'normal', 5),
(142, 26, 'B คนที่ 7', 'ตำแหน่ง/สังกัด (จำลอง)', NULL, 1, 1, 'normal', 6),
(143, 26, 'B คนที่ 8', 'ตำแหน่ง/สังกัด (จำลอง)', NULL, 1, 1, 'normal', 7),
(144, 26, 'B คนที่ 9', 'ตำแหน่ง/สังกัด (จำลอง)', NULL, 1, 1, 'normal', 8),
(145, 26, 'B คนที่ 10', 'ตำแหน่ง/สังกัด (จำลอง)', NULL, 1, 1, 'normal', 9),
(146, 26, 'B คนที่ 11', 'ตำแหน่ง/สังกัด (จำลอง)', NULL, 1, 1, 'normal', 10),
(147, 26, 'B คนที่ 12', 'ตำแหน่ง/สังกัด (จำลอง)', NULL, 1, 1, 'normal', 11),
(148, 26, 'B คนที่ 13', 'ตำแหน่ง/สังกัด (จำลอง)', NULL, 1, 1, 'normal', 12),
(149, 26, 'B คนที่ 14', 'ตำแหน่ง/สังกัด (จำลอง)', NULL, 1, 1, 'normal', 13),
(150, 26, 'B คนที่ 15', 'ตำแหน่ง/สังกัด (จำลอง)', NULL, 1, 1, 'normal', 14),
(151, 26, 'B คนที่ 16', 'ตำแหน่ง/สังกัด (จำลอง)', NULL, 1, 1, 'normal', 15),
(152, 27, 'C คนที่ 1', 'ตำแหน่ง/สังกัด (จำลอง)', NULL, 1, 1, 'normal', 0),
(153, 27, 'C คนที่ 2', 'ตำแหน่ง/สังกัด (จำลอง)', NULL, 1, 1, 'normal', 1),
(154, 27, 'C คนที่ 3', 'ตำแหน่ง/สังกัด (จำลอง)', NULL, 1, 1, 'normal', 3),
(155, 27, 'C คนที่ 4', 'ตำแหน่ง/สังกัด (จำลอง)', NULL, 1, 1, 'normal', 6),
(156, 27, 'C คนที่ 5', 'ตำแหน่ง/สังกัด (จำลอง)', NULL, 1, 1, 'normal', 7),
(157, 27, 'C คนที่ 6', 'ตำแหน่ง/สังกัด (จำลอง)', NULL, 1, 1, 'normal', 8),
(158, 27, 'C คนที่ 7', 'ตำแหน่ง/สังกัด (จำลอง)', NULL, 1, 1, 'normal', 12),
(159, 27, 'C คนที่ 8', 'ตำแหน่ง/สังกัด (จำลอง)', NULL, 1, 1, 'normal', 13),
(160, 27, 'C คนที่ 9', 'ตำแหน่ง/สังกัด (จำลอง)', NULL, 1, 1, 'normal', 14),
(161, 27, 'C คนที่ 10', 'ตำแหน่ง/สังกัด (จำลอง)', NULL, 1, 1, 'normal', 15),
(170, 28, 'D คนที่ 1', 'ตำแหน่ง/สังกัด (จำลอง)', NULL, 1, 1, 'normal', 0),
(171, 28, 'D คนที่ 2', 'ตำแหน่ง/สังกัด (จำลอง)', NULL, 1, 1, 'normal', 1),
(172, 28, 'D คนที่ 3', 'ตำแหน่ง/สังกัด (จำลอง)', NULL, 1, 1, 'normal', 2),
(173, 28, 'D คนที่ 4', 'ตำแหน่ง/สังกัด (จำลอง)', NULL, 1, 1, 'normal', 3),
(174, 28, 'D คนที่ 5', 'ตำแหน่ง/สังกัด (จำลอง)', NULL, 1, 1, 'normal', 4),
(175, 28, 'D คนที่ 6', 'ตำแหน่ง/สังกัด (จำลอง)', NULL, 1, 1, 'normal', 5),
(176, 28, 'D คนที่ 7', 'ตำแหน่ง/สังกัด (จำลอง)', NULL, 1, 1, 'normal', 6),
(177, 28, 'D คนที่ 8', 'ตำแหน่ง/สังกัด (จำลอง)', NULL, 1, 1, 'normal', 7),
(178, 28, 'D คนที่ 9', 'ตำแหน่ง/สังกัด (จำลอง)', NULL, 1, 1, 'normal', 10),
(179, 28, 'D คนที่ 10', 'ตำแหน่ง/สังกัด (จำลอง)', NULL, 1, 1, 'normal', 8),
(180, 28, 'D คนที่ 11', 'ตำแหน่ง/สังกัด (จำลอง)', NULL, 1, 1, 'normal', 9),
(181, 28, 'D คนที่ 12', 'ตำแหน่ง/สังกัด (จำลอง)', NULL, 1, 1, 'normal', 11),
(182, 28, 'D คนที่ 13', 'ตำแหน่ง/สังกัด (จำลอง)', NULL, 1, 1, 'normal', 12),
(183, 28, 'D คนที่ 14', 'ตำแหน่ง/สังกัด (จำลอง)', NULL, 1, 1, 'normal', 13),
(184, 28, 'D คนที่ 15', 'ตำแหน่ง/สังกัด (จำลอง)', NULL, 1, 1, 'normal', 14),
(185, 28, 'D คนที่ 16', 'ตำแหน่ง/สังกัด (จำลอง)', NULL, 1, 1, 'normal', 15),
(186, 28, 'D คนที่ 17', 'ตำแหน่ง/สังกัด (จำลอง)', NULL, 1, 1, 'normal', 16),
(187, 29, 'E คนที่ 1', 'ตำแหน่ง/สังกัด (จำลอง)', NULL, 1, 1, 'normal', 0),
(188, 29, 'E คนที่ 2', 'ตำแหน่ง/สังกัด (จำลอง)', NULL, 1, 1, 'normal', 1),
(189, 29, 'E คนที่ 3', 'ตำแหน่ง/สังกัด (จำลอง)', NULL, 1, 1, 'normal', 2),
(190, 29, 'E คนที่ 4', 'ตำแหน่ง/สังกัด (จำลอง)', NULL, 1, 1, 'normal', 3),
(191, 29, 'E คนที่ 5', 'ตำแหน่ง/สังกัด (จำลอง)', NULL, 1, 1, 'normal', 4),
(192, 29, 'E คนที่ 6', 'ตำแหน่ง/สังกัด (จำลอง)', NULL, 1, 1, 'normal', 5),
(193, 29, 'E คนที่ 7', 'ตำแหน่ง/สังกัด (จำลอง)', NULL, 1, 1, 'normal', 6),
(194, 29, 'E คนที่ 8', 'ตำแหน่ง/สังกัด (จำลอง)', NULL, 1, 1, 'normal', 7),
(195, 29, 'E คนที่ 9', 'ตำแหน่ง/สังกัด (จำลอง)', NULL, 1, 1, 'normal', 8),
(196, 29, 'E คนที่ 10', 'ตำแหน่ง/สังกัด (จำลอง)', NULL, 1, 1, 'normal', 9),
(197, 29, 'E คนที่ 11', 'ตำแหน่ง/สังกัด (จำลอง)', NULL, 1, 1, 'normal', 10),
(198, 29, 'E คนที่ 12', 'ตำแหน่ง/สังกัด (จำลอง)', NULL, 1, 1, 'normal', 11),
(199, 29, 'E คนที่ 13', 'ตำแหน่ง/สังกัด (จำลอง)', NULL, 1, 1, 'normal', 12),
(200, 29, 'E คนที่ 14', 'ตำแหน่ง/สังกัด (จำลอง)', NULL, 1, 1, 'normal', 13),
(201, 29, 'E คนที่ 15', 'ตำแหน่ง/สังกัด (จำลอง)', NULL, 1, 1, 'normal', 14),
(202, 29, 'E คนที่ 16', 'ตำแหน่ง/สังกัด (จำลอง)', NULL, 1, 1, 'normal', 15),
(203, 29, 'E คนที่ 17', 'ตำแหน่ง/สังกัด (จำลอง)', NULL, 1, 1, 'normal', 16),
(204, 29, 'E คนที่ 18', 'ตำแหน่ง/สังกัด (จำลอง)', NULL, 1, 1, 'normal', 17),
(205, 29, 'E คนที่ 19', 'ตำแหน่ง/สังกัด (จำลอง)', NULL, 1, 1, 'normal', 18),
(206, 29, 'E คนที่ 20', 'ตำแหน่ง/สังกัด (จำลอง)', NULL, 1, 1, 'normal', 19),
(227, 30, 'F คนที่ 1', 'ตำแหน่ง/สังกัด (จำลอง)', NULL, 1, 1, 'normal', 0),
(228, 30, 'F คนที่ 2', 'ตำแหน่ง/สังกัด (จำลอง)', NULL, 1, 1, 'normal', 1),
(229, 30, 'F คนที่ 3', 'ตำแหน่ง/สังกัด (จำลอง)', NULL, 1, 1, 'normal', 2),
(230, 30, 'F คนที่ 4', 'ตำแหน่ง/สังกัด (จำลอง)', NULL, 1, 1, 'normal', 3),
(231, 30, 'F คนที่ 5', 'ตำแหน่ง/สังกัด (จำลอง)', NULL, 1, 1, 'normal', 4),
(232, 30, 'F คนที่ 6', 'ตำแหน่ง/สังกัด (จำลอง)', NULL, 1, 1, 'normal', 5),
(233, 30, 'F คนที่ 7', 'ตำแหน่ง/สังกัด (จำลอง)', NULL, 1, 1, 'normal', 6),
(234, 30, 'F คนที่ 8', 'ตำแหน่ง/สังกัด (จำลอง)', NULL, 1, 1, 'normal', 7),
(235, 30, 'F คนที่ 9', 'ตำแหน่ง/สังกัด (จำลอง)', NULL, 1, 1, 'normal', 8),
(236, 30, 'F คนที่ 10', 'ตำแหน่ง/สังกัด (จำลอง)', NULL, 1, 1, 'normal', 9),
(237, 30, 'F คนที่ 11', 'ตำแหน่ง/สังกัด (จำลอง)', NULL, 1, 1, 'normal', 10),
(238, 30, 'F คนที่ 12', 'ตำแหน่ง/สังกัด (จำลอง)', NULL, 1, 1, 'normal', 11),
(239, 30, 'F คนที่ 13', 'ตำแหน่ง/สังกัด (จำลอง)', NULL, 1, 1, 'normal', 12),
(240, 30, 'F คนที่ 14', 'ตำแหน่ง/สังกัด (จำลอง)', NULL, 1, 1, 'normal', 13),
(241, 30, 'F คนที่ 15', 'ตำแหน่ง/สังกัด (จำลอง)', NULL, 1, 1, 'normal', 14),
(242, 30, 'F คนที่ 16', 'ตำแหน่ง/สังกัด (จำลอง)', NULL, 1, 1, 'normal', 15),
(243, 30, 'F คนที่ 17', 'ตำแหน่ง/สังกัด (จำลอง)', NULL, 1, 1, 'normal', 16),
(244, 30, 'F คนที่ 18', 'ตำแหน่ง/สังกัด (จำลอง)', NULL, 1, 1, 'normal', 17),
(245, 30, 'F คนที่ 19', 'ตำแหน่ง/สังกัด (จำลอง)', NULL, 1, 1, 'normal', 18),
(246, 30, 'F คนที่ 20', 'ตำแหน่ง/สังกัด (จำลอง)', NULL, 1, 1, 'normal', 19),
(502, 25, 'ประธานชาติ', 'ประธานจัดการแข่งขันระดับชาติ', NULL, 1, 1, 'normal', 0),
(514, 25, 'ทดสอบแก้ชื่อ', 'ตำแหน่ง', NULL, 1, 1, 'normal', 13),
(516, 28, 'ที่นั่งเสริม', 'รอระบุ', NULL, 1, 1, 'normal', 17),
(525, 26, 'B คนที่ 17', 'รับโลห์', NULL, 1, 1, 'normal', 16),
(526, 26, 'ที่นั่งเสริม', 'รอระบุ', NULL, 1, 1, 'normal', 19),
(528, 26, 'ที่นั่งเสริม', 'รอระบุ', NULL, 1, 1, 'normal', 17),
(532, 26, 'ที่นั่งเสริม', 'รอระบุ', NULL, 1, 1, 'normal', 18),
(535, 26, 'ที่นั่งเสริม', 'รอระบุ', NULL, 1, 1, 'normal', 21),
(536, 26, 'ที่นั่งเสริม', 'รอระบุ', NULL, 1, 1, 'normal', 20),
(537, 26, 'ที่นั่งเสริม', 'รอระบุ', NULL, 1, 1, 'normal', 22),
(549, 28, 'ที่นั่งเสริม 19', 'รอระบุ', NULL, 1, 1, 'normal', 18),
(550, 28, 'ที่นั่งเสริม 20', 'รอระบุ', NULL, 1, 1, 'normal', 19),
(551, 28, 'ที่นั่งเสริม 21', 'รอระบุ', NULL, 1, 1, 'normal', 20),
(552, 28, 'ที่นั่งเสริม 22', 'รอระบุ', NULL, 1, 1, 'normal', 21),
(553, 28, 'ที่นั่งเสริม 23', 'รอระบุ', NULL, 1, 1, 'normal', 22),
(554, 28, 'ที่นั่งเสริม 24', 'รอระบุ', NULL, 1, 1, 'normal', 23),
(561, 29, 'ที่นั่งเสริม 21', 'รอระบุ', NULL, 1, 1, 'normal', 20),
(562, 29, 'ที่นั่งเสริม 22', 'รอระบุ', NULL, 1, 1, 'normal', 21),
(563, 29, 'ที่นั่งเสริม 23', 'รอระบุ', NULL, 1, 1, 'normal', 22),
(564, 29, 'ที่นั่งเสริม 24', 'รอระบุ', NULL, 1, 1, 'normal', 23),
(571, 30, 'ที่นั่งเสริม 21', 'รอระบุ', NULL, 1, 1, 'normal', 20),
(572, 30, 'ที่นั่งเสริม 22', 'รอระบุ', NULL, 1, 1, 'normal', 21),
(573, 30, 'ที่นั่งเสริม 23', 'รอระบุ', NULL, 1, 1, 'normal', 22),
(574, 30, 'ที่นั่งเสริม 24', 'รอระบุ', NULL, 1, 1, 'normal', 23),
(590, 26, 'ที่นั่งเสริม', 'รอระบุ', NULL, 1, 1, 'normal', 23),
(593, 27, 'ที่นั่งเสริม', 'รอระบุ', NULL, 1, 1, 'normal', 2),
(594, 27, 'ที่นั่งเสริม', 'รอระบุ', NULL, 1, 1, 'normal', 4),
(595, 27, 'ที่นั่งเสริม', 'รอระบุ', NULL, 1, 1, 'normal', 5),
(596, 27, 'ที่นั่งเสริม', 'รอระบุ', NULL, 1, 1, 'normal', 11),
(597, 27, 'ที่นั่งเสริม', 'รอระบุ', NULL, 1, 1, 'normal', 10),
(598, 27, 'ที่นั่งเสริม', 'รอระบุ', NULL, 1, 1, 'normal', 9),
(599, 39, 'ผู้บริหารระดับสูง คนที่ 1', 'ตำแหน่ง/สังกัด (จำลอง)', NULL, 1, 1, 'normal', 0),
(600, 39, 'ผู้บริหารระดับสูง คนที่ 2', 'ตำแหน่ง/สังกัด (จำลอง)', NULL, 1, 1, 'normal', 1),
(601, 39, 'ผู้บริหารระดับสูง คนที่ 3', 'ตำแหน่ง/สังกัด (จำลอง)', NULL, 1, 1, 'normal', 2),
(602, 39, 'ผู้บริหารระดับสูง คนที่ 4', 'ตำแหน่ง/สังกัด (จำลอง)', NULL, 1, 1, 'normal', 3),
(603, 39, 'ผู้บริหารระดับสูง คนที่ 5', 'ตำแหน่ง/สังกัด (จำลอง)', NULL, 1, 1, 'normal', 4),
(604, 39, 'xxxxxxxxxxxx', 'xxxxxxxxxxxxxxx', NULL, 1, 1, 'normal', 12),
(605, 39, 'ผู้บริหารระดับสูง คนที่ 7', 'ตำแหน่ง/สังกัด (จำลอง)', NULL, 1, 1, 'normal', 5),
(606, 39, 'ผู้บริหารระดับสูง คนที่ 8', 'ตำแหน่ง/สังกัด (จำลอง)', NULL, 1, 1, 'normal', 6),
(607, 39, 'ผู้บริหารระดับสูง คนที่ 9', 'ตำแหน่ง/สังกัด (จำลอง)', NULL, 1, 1, 'normal', 7),
(608, 39, 'ผู้บริหารระดับสูง คนที่ 10', 'ตำแหน่ง/สังกัด (จำลอง)', NULL, 1, 1, 'normal', 8),
(609, 39, 'ผู้บริหารระดับสูง คนที่ 11', 'ตำแหน่ง/สังกัด (จำลอง)', NULL, 1, 1, 'normal', 9),
(610, 39, 'ผู้บริหารระดับสูง คนที่ 12', 'ตำแหน่ง/สังกัด (จำลอง)', NULL, 1, 1, 'normal', 10),
(611, 39, 'ผู้บริหารระดับสูง คนที่ 13', 'ตำแหน่ง/สังกัด (จำลอง)', NULL, 1, 1, 'normal', 11),
(612, 39, 'ผู้บริหารระดับสูง คนที่ 14', 'ตำแหน่ง/สังกัด (จำลอง)', NULL, 1, 1, 'normal', 13),
(613, 39, 'ผู้บริหารระดับสูง คนที่ 15', 'ตำแหน่ง/สังกัด (จำลอง)', NULL, 1, 1, 'normal', 14),
(614, 39, 'ผู้บริหารระดับสูง คนที่ 16', 'ตำแหน่ง/สังกัด (จำลอง)', NULL, 1, 1, 'normal', 15),
(615, 39, 'ผู้บริหารระดับสูง คนที่ 17', 'ตำแหน่ง/สังกัด (จำลอง)', NULL, 1, 1, 'normal', 16),
(616, 39, 'ผู้บริหารระดับสูง คนที่ 18', 'ตำแหน่ง/สังกัด (จำลอง)', NULL, 1, 1, 'normal', 17),
(617, 39, 'ผู้บริหารระดับสูง คนที่ 19', 'ตำแหน่ง/สังกัด (จำลอง)', NULL, 1, 1, 'normal', 18),
(618, 39, 'ผู้บริหารระดับสูง คนที่ 20', 'ตำแหน่ง/สังกัด (จำลอง)', NULL, 1, 1, 'normal', 19),
(619, 39, 'ผู้บริหารระดับสูง คนที่ 21', 'ตำแหน่ง/สังกัด (จำลอง)', NULL, 1, 1, 'normal', 20),
(620, 39, 'ผู้บริหารระดับสูง คนที่ 22', 'ตำแหน่ง/สังกัด (จำลอง)', NULL, 1, 1, 'normal', 21),
(621, 39, 'ผู้บริหารระดับสูง คนที่ 23', 'ตำแหน่ง/สังกัด (จำลอง)', NULL, 1, 1, 'normal', 22),
(622, 39, 'ผู้บริหารระดับสูง คนที่ 24', 'ตำแหน่ง/สังกัด (จำลอง)', NULL, 1, 1, 'normal', 23),
(623, 40, 'ผู้อำนวยการ คนที่ 1', 'ตำแหน่ง/สังกัด (จำลอง)', NULL, 1, 1, 'normal', 0),
(624, 40, 'ผู้อำนวยการ คนที่ 2', 'ตำแหน่ง/สังกัด (จำลอง)', NULL, 1, 1, 'normal', 1),
(625, 40, 'ผู้อำนวยการ คนที่ 3', 'ตำแหน่ง/สังกัด (จำลอง)', NULL, 1, 1, 'normal', 2),
(626, 40, 'ผู้อำนวยการ คนที่ 4', 'ตำแหน่ง/สังกัด (จำลอง)', NULL, 1, 1, 'normal', 3),
(627, 40, 'ผู้อำนวยการ คนที่ 5', 'ตำแหน่ง/สังกัด (จำลอง)', NULL, 1, 1, 'normal', 4),
(628, 40, 'ผู้อำนวยการ คนที่ 6', 'ตำแหน่ง/สังกัด (จำลอง)', NULL, 1, 1, 'normal', 5),
(629, 40, 'ผู้อำนวยการ คนที่ 7', 'ตำแหน่ง/สังกัด (จำลอง)', NULL, 1, 1, 'normal', 6),
(630, 40, 'ผู้อำนวยการ คนที่ 8', 'ตำแหน่ง/สังกัด (จำลอง)', NULL, 1, 1, 'normal', 7),
(631, 40, 'ผู้อำนวยการ คนที่ 9', 'ตำแหน่ง/สังกัด (จำลอง)', NULL, 1, 1, 'normal', 8),
(632, 40, 'ผู้อำนวยการ คนที่ 10', 'ตำแหน่ง/สังกัด (จำลอง)', NULL, 1, 1, 'normal', 9),
(633, 40, 'ผู้อำนวยการ คนที่ 11', 'ตำแหน่ง/สังกัด (จำลอง)', NULL, 1, 1, 'normal', 10),
(634, 40, 'ผู้อำนวยการ คนที่ 12', 'ตำแหน่ง/สังกัด (จำลอง)', NULL, 1, 1, 'normal', 11),
(635, 40, 'ผู้อำนวยการ คนที่ 13', 'ตำแหน่ง/สังกัด (จำลอง)', NULL, 1, 1, 'normal', 12),
(636, 40, 'ผู้อำนวยการ คนที่ 14', 'ตำแหน่ง/สังกัด (จำลอง)', NULL, 1, 1, 'normal', 13),
(637, 40, 'ผู้อำนวยการ คนที่ 15', 'ตำแหน่ง/สังกัด (จำลอง)', NULL, 1, 1, 'normal', 14),
(638, 40, 'ผู้อำนวยการ คนที่ 16', 'ตำแหน่ง/สังกัด (จำลอง)', NULL, 1, 1, 'normal', 15),
(639, 40, 'ผู้อำนวยการ คนที่ 17', 'ตำแหน่ง/สังกัด (จำลอง)', NULL, 1, 1, 'normal', 16),
(640, 40, 'ผู้อำนวยการ คนที่ 18', 'ตำแหน่ง/สังกัด (จำลอง)', NULL, 1, 1, 'normal', 17),
(641, 40, 'ผู้อำนวยการ คนที่ 19', 'ตำแหน่ง/สังกัด (จำลอง)', NULL, 1, 1, 'normal', 18),
(642, 40, 'ผู้อำนวยการ คนที่ 20', 'ตำแหน่ง/สังกัด (จำลอง)', NULL, 1, 1, 'normal', 19),
(643, 40, 'ผู้อำนวยการ คนที่ 21', 'ตำแหน่ง/สังกัด (จำลอง)', NULL, 1, 1, 'normal', 20),
(644, 40, 'ผู้อำนวยการ คนที่ 22', 'ตำแหน่ง/สังกัด (จำลอง)', NULL, 1, 1, 'normal', 21),
(645, 40, 'ผู้อำนวยการ คนที่ 23', 'ตำแหน่ง/สังกัด (จำลอง)', NULL, 1, 1, 'normal', 22),
(646, 40, 'ผู้อำนวยการ คนที่ 24', 'ตำแหน่ง/สังกัด (จำลอง)', NULL, 1, 1, 'normal', 23),
(647, 41, 'ผู้เข้าร่วมงาน 1 คนที่ 1', 'ตำแหน่ง/สังกัด (จำลอง)', NULL, 1, 1, 'normal', 0),
(648, 41, 'ผู้เข้าร่วมงาน 1 คนที่ 2', 'ตำแหน่ง/สังกัด (จำลอง)', NULL, 1, 1, 'normal', 1),
(649, 41, 'ผู้เข้าร่วมงาน 1 คนที่ 3', 'ตำแหน่ง/สังกัด (จำลอง)', NULL, 1, 1, 'normal', 2),
(650, 41, 'ผู้เข้าร่วมงาน 1 คนที่ 4', 'ตำแหน่ง/สังกัด (จำลอง)', NULL, 1, 1, 'normal', 3),
(651, 41, 'ผู้เข้าร่วมงาน 1 คนที่ 5', 'ตำแหน่ง/สังกัด (จำลอง)', NULL, 1, 1, 'normal', 4),
(652, 41, 'ผู้เข้าร่วมงาน 1 คนที่ 6', 'ตำแหน่ง/สังกัด (จำลอง)', NULL, 1, 1, 'normal', 5),
(653, 41, 'ผู้เข้าร่วมงาน 1 คนที่ 7', 'ตำแหน่ง/สังกัด (จำลอง)', NULL, 1, 1, 'normal', 6),
(654, 41, 'ผู้เข้าร่วมงาน 1 คนที่ 8', 'ตำแหน่ง/สังกัด (จำลอง)', NULL, 1, 1, 'normal', 7),
(655, 41, 'ผู้เข้าร่วมงาน 1 คนที่ 9', 'ตำแหน่ง/สังกัด (จำลอง)', NULL, 1, 1, 'normal', 8),
(656, 41, 'ผู้เข้าร่วมงาน 1 คนที่ 10', 'ตำแหน่ง/สังกัด (จำลอง)', NULL, 1, 1, 'normal', 9),
(657, 41, 'ผู้เข้าร่วมงาน 1 คนที่ 11', 'ตำแหน่ง/สังกัด (จำลอง)', NULL, 1, 1, 'normal', 10),
(658, 41, 'ผู้เข้าร่วมงาน 1 คนที่ 12', 'ตำแหน่ง/สังกัด (จำลอง)', NULL, 1, 1, 'normal', 11),
(659, 41, 'ผู้เข้าร่วมงาน 1 คนที่ 13', 'ตำแหน่ง/สังกัด (จำลอง)', NULL, 1, 1, 'normal', 12),
(660, 41, 'ผู้เข้าร่วมงาน 1 คนที่ 14', 'ตำแหน่ง/สังกัด (จำลอง)', NULL, 1, 1, 'normal', 13),
(661, 41, 'ผู้เข้าร่วมงาน 1 คนที่ 15', 'ตำแหน่ง/สังกัด (จำลอง)', NULL, 1, 1, 'normal', 14),
(662, 41, 'ผู้เข้าร่วมงาน 1 คนที่ 16', 'ตำแหน่ง/สังกัด (จำลอง)', NULL, 1, 1, 'normal', 15),
(663, 41, 'ผู้เข้าร่วมงาน 1 คนที่ 17', 'ตำแหน่ง/สังกัด (จำลอง)', NULL, 1, 1, 'normal', 16),
(664, 41, 'ผู้เข้าร่วมงาน 1 คนที่ 18', 'ตำแหน่ง/สังกัด (จำลอง)', NULL, 1, 1, 'normal', 17),
(665, 41, 'ผู้เข้าร่วมงาน 1 คนที่ 19', 'ตำแหน่ง/สังกัด (จำลอง)', NULL, 1, 1, 'normal', 18),
(666, 41, 'ผู้เข้าร่วมงาน 1 คนที่ 20', 'ตำแหน่ง/สังกัด (จำลอง)', NULL, 1, 1, 'normal', 19),
(667, 41, 'ผู้เข้าร่วมงาน 1 คนที่ 21', 'ตำแหน่ง/สังกัด (จำลอง)', NULL, 1, 1, 'normal', 20),
(668, 41, 'ผู้เข้าร่วมงาน 1 คนที่ 22', 'ตำแหน่ง/สังกัด (จำลอง)', NULL, 1, 1, 'normal', 21),
(669, 41, 'ผู้เข้าร่วมงาน 1 คนที่ 23', 'ตำแหน่ง/สังกัด (จำลอง)', NULL, 1, 1, 'normal', 22),
(670, 41, 'ผู้เข้าร่วมงาน 1 คนที่ 24', 'ตำแหน่ง/สังกัด (จำลอง)', NULL, 1, 1, 'normal', 23),
(671, 42, 'ผู้เข้าร่วมงาน 1 คนที่ 1', 'ตำแหน่ง/สังกัด (จำลอง)', NULL, 1, 1, 'normal', 0),
(672, 42, 'ผู้เข้าร่วมงาน 1 คนที่ 2', 'ตำแหน่ง/สังกัด (จำลอง)', NULL, 1, 1, 'normal', 1),
(673, 42, 'ผู้เข้าร่วมงาน 1 คนที่ 3', 'ตำแหน่ง/สังกัด (จำลอง)', NULL, 1, 1, 'normal', 2),
(674, 42, 'ผู้เข้าร่วมงาน 1 คนที่ 4', 'ตำแหน่ง/สังกัด (จำลอง)', NULL, 1, 1, 'normal', 3),
(675, 42, 'ผู้เข้าร่วมงาน 1 คนที่ 5', 'ตำแหน่ง/สังกัด (จำลอง)', NULL, 1, 1, 'normal', 4),
(676, 42, 'ผู้เข้าร่วมงาน 1 คนที่ 6', 'ตำแหน่ง/สังกัด (จำลอง)', NULL, 1, 1, 'normal', 5),
(677, 42, 'ผู้เข้าร่วมงาน 1 คนที่ 7', 'ตำแหน่ง/สังกัด (จำลอง)', NULL, 1, 1, 'normal', 6),
(678, 42, 'ผู้เข้าร่วมงาน 1 คนที่ 8', 'ตำแหน่ง/สังกัด (จำลอง)', NULL, 1, 1, 'normal', 7),
(679, 42, 'ผู้เข้าร่วมงาน 1 คนที่ 9', 'ตำแหน่ง/สังกัด (จำลอง)', NULL, 1, 1, 'normal', 8),
(680, 42, 'ผู้เข้าร่วมงาน 1 คนที่ 10', 'ตำแหน่ง/สังกัด (จำลอง)', NULL, 1, 1, 'normal', 9),
(681, 42, 'ผู้เข้าร่วมงาน 1 คนที่ 11', 'ตำแหน่ง/สังกัด (จำลอง)', NULL, 1, 1, 'normal', 10),
(682, 42, 'ผู้เข้าร่วมงาน 1 คนที่ 12', 'ตำแหน่ง/สังกัด (จำลอง)', NULL, 1, 1, 'normal', 11),
(683, 42, 'ผู้เข้าร่วมงาน 1 คนที่ 13', 'ตำแหน่ง/สังกัด (จำลอง)', NULL, 1, 1, 'normal', 12),
(684, 42, 'ผู้เข้าร่วมงาน 1 คนที่ 14', 'ตำแหน่ง/สังกัด (จำลอง)', NULL, 1, 1, 'normal', 13),
(685, 42, 'ผู้เข้าร่วมงาน 1 คนที่ 15', 'ตำแหน่ง/สังกัด (จำลอง)', NULL, 1, 1, 'normal', 14),
(686, 42, 'ผู้เข้าร่วมงาน 1 คนที่ 16', 'ตำแหน่ง/สังกัด (จำลอง)', NULL, 1, 1, 'normal', 15),
(687, 42, 'ผู้เข้าร่วมงาน 1 คนที่ 17', 'ตำแหน่ง/สังกัด (จำลอง)', NULL, 1, 1, 'normal', 16),
(688, 42, 'ผู้เข้าร่วมงาน 1 คนที่ 18', 'ตำแหน่ง/สังกัด (จำลอง)', NULL, 1, 1, 'normal', 17),
(689, 42, 'ผู้เข้าร่วมงาน 1 คนที่ 19', 'ตำแหน่ง/สังกัด (จำลอง)', NULL, 1, 1, 'normal', 18),
(690, 42, 'ผู้เข้าร่วมงาน 1 คนที่ 20', 'ตำแหน่ง/สังกัด (จำลอง)', NULL, 1, 1, 'normal', 19),
(691, 42, 'ผู้เข้าร่วมงาน 1 คนที่ 21', 'ตำแหน่ง/สังกัด (จำลอง)', NULL, 1, 1, 'normal', 20),
(692, 42, 'ผู้เข้าร่วมงาน 1 คนที่ 22', 'ตำแหน่ง/สังกัด (จำลอง)', NULL, 1, 1, 'normal', 21),
(693, 42, 'ผู้เข้าร่วมงาน 1 คนที่ 23', 'ตำแหน่ง/สังกัด (จำลอง)', NULL, 1, 1, 'normal', 22),
(694, 42, 'ผู้เข้าร่วมงาน 1 คนที่ 24', 'ตำแหน่ง/สังกัด (จำลอง)', NULL, 1, 1, 'normal', 23),
(695, 27, 'ที่นั่งเสริม 17', 'รอระบุ', NULL, 1, 1, 'normal', 16),
(696, 27, 'ที่นั่งเสริม 18', 'รอระบุ', NULL, 1, 1, 'normal', 17),
(697, 27, 'ที่นั่งเสริม 19', 'รอระบุ', NULL, 1, 1, 'normal', 18),
(698, 27, 'ที่นั่งเสริม 20', 'รอระบุ', NULL, 1, 1, 'normal', 19),
(699, 27, 'ที่นั่งเสริม 21', 'รอระบุ', NULL, 1, 1, 'normal', 20),
(700, 27, 'ที่นั่งเสริม 22', 'รอระบุ', NULL, 1, 1, 'normal', 21),
(701, 27, 'ที่นั่งเสริม 23', 'รอระบุ', NULL, 1, 1, 'normal', 22),
(702, 27, 'ที่นั่งเสริม 24', 'รอระบุ', NULL, 1, 1, 'normal', 23),
(703, 25, 'ที่นั่งเสริม 15', 'รอระบุ', NULL, 1, 1, 'normal', 14),
(704, 25, 'ที่นั่งเสริม 16', 'รอระบุ', NULL, 1, 1, 'normal', 15),
(705, 25, 'ที่นั่งเสริม 17', 'รอระบุ', NULL, 1, 1, 'normal', 16),
(706, 25, 'ที่นั่งเสริม 18', 'รอระบุ', NULL, 1, 1, 'normal', 17),
(707, 25, 'ที่นั่งเสริม 19', 'รอระบุ', NULL, 1, 1, 'normal', 18),
(708, 25, 'ที่นั่งเสริม 20', 'รอระบุ', NULL, 1, 1, 'normal', 19),
(709, 25, 'ที่นั่งเสริม 21', 'รอระบุ', NULL, 1, 1, 'normal', 20),
(710, 25, 'ที่นั่งเสริม 22', 'รอระบุ', NULL, 1, 1, 'normal', 21),
(711, 43, 'VVIP คนที่ 1', 'ตำแหน่ง/สังกัด (จำลอง)', NULL, 1, 1, 'normal', 0),
(712, 43, 'VVIP คนที่ 2', 'ตำแหน่ง/สังกัด (จำลอง)', NULL, 1, 1, 'normal', 1),
(713, 43, 'VVIP คนที่ 3', 'ตำแหน่ง/สังกัด (จำลอง)', NULL, 1, 1, 'normal', 2),
(714, 43, 'VVIP คนที่ 4', 'ตำแหน่ง/สังกัด (จำลอง)', NULL, 1, 1, 'normal', 3),
(715, 43, 'VVIP คนที่ 5', 'ตำแหน่ง/สังกัด (จำลอง)', NULL, 1, 1, 'normal', 4),
(716, 43, 'VVIP คนที่ 6', 'ตำแหน่ง/สังกัด (จำลอง)', NULL, 1, 1, 'normal', 5),
(717, 43, 'VVIP คนที่ 7', 'ตำแหน่ง/สังกัด (จำลอง)', NULL, 1, 1, 'normal', 6),
(718, 43, 'VVIP คนที่ 8', 'ตำแหน่ง/สังกัด (จำลอง)', NULL, 1, 1, 'normal', 7),
(719, 43, 'VVIP คนที่ 9', 'ตำแหน่ง/สังกัด (จำลอง)', NULL, 1, 1, 'normal', 8),
(720, 43, 'VVIP คนที่ 10', 'ตำแหน่ง/สังกัด (จำลอง)', NULL, 1, 1, 'normal', 9),
(721, 43, 'นายยศพล เวณุโกเศศ', 'เลขาธิการคณะกรรมการการอาชีวศึกษา', '11/img_69779f583c892.jpg', 1, 1, 'normal', 10),
(722, 43, 'เซียร์รังสิต', 'ศูนย์การค้าเซียร์รังสิต', '11/img_6977a04f17a2b.png', 1, 1, 'normal', 11),
(723, 43, 'VVIP คนที่ 13', 'ตำแหน่ง/สังกัด (จำลอง)', NULL, 1, 1, 'normal', 12),
(724, 43, 'VVIP คนที่ 14', 'ตำแหน่ง/สังกัด (จำลอง)', NULL, 1, 1, 'normal', 13),
(725, 43, 'VVIP คนที่ 15', 'ตำแหน่ง/สังกัด (จำลอง)', NULL, 1, 1, 'normal', 14),
(726, 43, 'VVIP คนที่ 16', 'ตำแหน่ง/สังกัด (จำลอง)', NULL, 1, 1, 'normal', 15),
(727, 43, 'VVIP คนที่ 17', 'ตำแหน่ง/สังกัด (จำลอง)', NULL, 1, 1, 'normal', 16),
(728, 43, 'VVIP คนที่ 18', 'ตำแหน่ง/สังกัด (จำลอง)', NULL, 1, 1, 'normal', 17),
(729, 43, 'VVIP คนที่ 19', 'ตำแหน่ง/สังกัด (จำลอง)', NULL, 1, 1, 'normal', 18),
(730, 43, 'VVIP คนที่ 20', 'ตำแหน่ง/สังกัด (จำลอง)', NULL, 1, 1, 'normal', 19),
(731, 43, 'VVIP คนที่ 21', 'ตำแหน่ง/สังกัด (จำลอง)', NULL, 1, 1, 'normal', 20),
(732, 43, 'VVIP คนที่ 22', 'ตำแหน่ง/สังกัด (จำลอง)', NULL, 1, 1, 'normal', 21),
(733, 44, 'นายณัฐนนท์ ภู่อริยพงศ์', 'ผู้อำนวยการวิทยาลัยเทคนิคลำปาง', '11/img_69778f6619db4.jpg', 1, 1, 'normal', 0),
(734, 44, 'นายวิชรุติ ลี้จินดา', 'ผู้อำนวยการวิทยาลัยสารพัดช่างลำปาง', '11/img_69778f6d40fa9.jpg', 1, 1, 'normal', 1),
(735, 44, 'นายเทียน รั้งกลาง', 'ผู้อำนวยการวิทยาลัยการอาชีพพิชัย', '11/img_69778f8b85dd5.jpg', 1, 1, 'normal', 2),
(736, 44, 'นายพงศ์กานต์ เอี่ยมสงคราม', 'ผู้อำนวยการวิทยาลัยอาชีวศึกษา นครสวรรค์', '11/img_6977900d84b90.jpg', 1, 1, 'normal', 3),
(737, 44, 'นายรชต ดิลกรัชตสกุล', 'ผู้อำนวยการวิทยาลัยเทคนิคปัว', '11/img_6977905216a6c.png', 1, 1, 'normal', 4),
(738, 44, 'นายเดโชวัต ทักคุ้ม', 'ผู้อำนวยการวิทยาลัยเทคนิคแม่สอด', '11/img_697794ad92e4d.jpg', 1, 1, 'normal', 5),
(739, 44, 'นายบัณฑิตย์ สิงห์ช่างชัย', 'ผู้อำนวยการวิทยาลัยอาชีวศึกษาอุตรดิตถ์', '11/img_69779542f2579.png', 1, 1, 'normal', 6),
(740, 44, 'ร้อยตรีสมฤทธิ์ ไกลถิ่น', 'ผู้อำนวยการวิทยาลัยเทคนิคเทิง', '11/img_6977957394a6d.png', 1, 1, 'normal', 7),
(741, 44, 'นายมารุต รื่นรวย', 'ผู้อำนวยการวิทยาลัยอาชีวศึกษาสุโขทัย', '11/img_697795dcd295d.jpg', 1, 1, 'normal', 8),
(742, 44, 'นายภัทธาวุธ โพธา', 'ผู้อำนวยการวิทยาลัยสารพัดช่างกำแพงเพชร', '11/img_6977979276fb2.jpg', 1, 1, 'normal', 9),
(743, 44, 'รองศาสตราจารย์เชาวฤทธิ์ ลำพาย', 'ผู้อำนวยการวิทยาลัยอาชีวศึกษาร้อยเอ็ด', '11/img_6977981b91831.png', 1, 1, 'normal', 10),
(744, 44, 'นายศุภกฤต แกมนิรัตน์', 'ผู้อำนวยการวิทยาลัยเทคนิคเลย', '11/img_69779856c6aeb.jpg', 1, 1, 'normal', 11),
(745, 44, 'นายสุริยา พงษ์ศิริรักษ์', 'ผู้อำนวยการวิทยาลัยเทคนิคปากช่อง', '11/img_69779893d13eb.jpg', 1, 1, 'normal', 12),
(746, 44, 'นายบรรจง จำพร', 'ผู้อำนวยการวิทยาลัยเทคนิคเกษตรวิสัย', '11/img_69779d65286a2.png', 1, 1, 'normal', 13),
(747, 44, 'นายทวิกานต์ ผดุงสันต์', 'ผู้อำนวยการสถานศึกษาวิทยาลัยเทคนิคราษีไศล', '11/img_697799e87be4b.png', 1, 1, 'normal', 14),
(748, 44, 'นายสมชาย อินทร์ปรางค์', 'ผู้อำนวยการวิทยาลัยการอาชีพบุรีรัมย์', '11/img_69779a0a1d615.jpg', 1, 1, 'normal', 15),
(749, 44, 'นายสุรศักดิ์ ผาสุขรูป', 'ครูวิทยาลัยเทคนิคสระบุรี', '11/img_69779ad1a68d9.jpg', 1, 1, 'normal', 16),
(750, 44, 'นายปรารถนา ราชสุภา', 'ครูวิทยาลัยเทคนิคสิงห์บุรี', '11/img_69779af71f825.png', 1, 1, 'normal', 17),
(751, 44, 'นายเจษฎา อนันทวรรณ', 'ผู้อำพนวยการวิทยาลัยการอาชีพหลวงประธานราษฎร์นิกร', '11/img_69779b1daad5d.jpeg', 1, 1, 'normal', 18),
(752, 44, 'นายโสภณ ตันพิริยะกุล', 'รองผู้อำนวยการวิทยาลั ยเทคนิคปทุมธานี', '11/img_69779b3b7b2e8.jpg', 1, 1, 'normal', 19),
(753, 44, 'นางวราพร ตันพิริยะกุล', 'รองผู้อำนวยการวิทยาลัยเทคนิคนนทบุรี', '11/img_69779ccfc61fa.png', 1, 1, 'normal', 20),
(754, 44, 'นายศิรวิทย์ หริรักษ์', 'รองผู้อำนวยการวิทยาลัยเทคนิคนนทบุรี', '11/img_69779cc5b117f.png', 1, 1, 'normal', 21),
(755, 45, 'สถานประกอบการ คนที่ 1', 'ตำแหน่ง/สังกัด (จำลอง)', NULL, 1, 1, 'normal', 0),
(756, 45, 'สถานประกอบการ คนที่ 2', 'ตำแหน่ง/สังกัด (จำลอง)', NULL, 1, 1, 'normal', 1),
(757, 45, 'สถานประกอบการ คนที่ 3', 'ตำแหน่ง/สังกัด (จำลอง)', NULL, 1, 1, 'normal', 2),
(758, 45, 'สถานประกอบการ คนที่ 4', 'ตำแหน่ง/สังกัด (จำลอง)', NULL, 1, 1, 'normal', 3),
(759, 45, 'สถานประกอบการ คนที่ 5', 'ตำแหน่ง/สังกัด (จำลอง)', NULL, 1, 1, 'normal', 4),
(760, 45, 'สถานประกอบการ คนที่ 6', 'ตำแหน่ง/สังกัด (จำลอง)', NULL, 1, 1, 'normal', 5),
(761, 45, 'สถานประกอบการ คนที่ 7', 'ตำแหน่ง/สังกัด (จำลอง)', NULL, 1, 1, 'normal', 6),
(762, 45, 'สถานประกอบการ คนที่ 8', 'ตำแหน่ง/สังกัด (จำลอง)', NULL, 1, 1, 'normal', 7),
(763, 45, 'สถานประกอบการ คนที่ 9', 'ตำแหน่ง/สังกัด (จำลอง)', NULL, 1, 1, 'normal', 8),
(764, 45, 'สถานประกอบการ คนที่ 10', 'ตำแหน่ง/สังกัด (จำลอง)', NULL, 1, 1, 'normal', 9),
(765, 45, 'สถานประกอบการ คนที่ 11', 'ตำแหน่ง/สังกัด (จำลอง)', NULL, 1, 1, 'normal', 10),
(766, 45, 'สถานประกอบการ คนที่ 12', 'ตำแหน่ง/สังกัด (จำลอง)', NULL, 1, 1, 'normal', 11),
(767, 45, 'สถานประกอบการ คนที่ 13', 'ตำแหน่ง/สังกัด (จำลอง)', NULL, 1, 1, 'normal', 12),
(768, 45, 'สถานประกอบการ คนที่ 14', 'ตำแหน่ง/สังกัด (จำลอง)', NULL, 1, 1, 'normal', 13),
(769, 45, 'สถานประกอบการ คนที่ 15', 'ตำแหน่ง/สังกัด (จำลอง)', NULL, 1, 1, 'normal', 14),
(770, 45, 'สถานประกอบการ คนที่ 16', 'ตำแหน่ง/สังกัด (จำลอง)', NULL, 1, 1, 'normal', 15),
(771, 45, 'สถานประกอบการ คนที่ 17', 'ตำแหน่ง/สังกัด (จำลอง)', NULL, 1, 1, 'normal', 16),
(772, 45, 'สถานประกอบการ คนที่ 18', 'ตำแหน่ง/สังกัด (จำลอง)', NULL, 1, 1, 'normal', 17),
(773, 45, 'สถานประกอบการ คนที่ 19', 'ตำแหน่ง/สังกัด (จำลอง)', NULL, 1, 1, 'normal', 18),
(774, 45, 'สถานประกอบการ คนที่ 20', 'ตำแหน่ง/สังกัด (จำลอง)', NULL, 1, 1, 'normal', 19),
(775, 45, 'สถานประกอบการ คนที่ 21', 'ตำแหน่ง/สังกัด (จำลอง)', NULL, 1, 1, 'normal', 20),
(776, 45, 'สถานประกอบการ คนที่ 22', 'ตำแหน่ง/สังกัด (จำลอง)', NULL, 1, 1, 'normal', 21),
(777, 46, 'ผู้เข้าร่วม คนที่ 1', 'ตำแหน่ง/สังกัด (จำลอง)', NULL, 1, 1, 'normal', 0),
(778, 46, 'ผู้เข้าร่วม คนที่ 2', 'ตำแหน่ง/สังกัด (จำลอง)', NULL, 1, 1, 'normal', 1),
(779, 46, 'ผู้เข้าร่วม คนที่ 3', 'ตำแหน่ง/สังกัด (จำลอง)', NULL, 1, 1, 'normal', 2),
(780, 46, 'ผู้เข้าร่วม คนที่ 4', 'ตำแหน่ง/สังกัด (จำลอง)', NULL, 1, 1, 'normal', 3),
(781, 46, 'ผู้เข้าร่วม คนที่ 5', 'ตำแหน่ง/สังกัด (จำลอง)', NULL, 1, 1, 'normal', 4),
(782, 46, 'ผู้เข้าร่วม คนที่ 6', 'ตำแหน่ง/สังกัด (จำลอง)', NULL, 1, 1, 'normal', 5),
(783, 46, 'ผู้เข้าร่วม คนที่ 7', 'ตำแหน่ง/สังกัด (จำลอง)', NULL, 1, 1, 'normal', 6),
(784, 46, 'ผู้เข้าร่วม คนที่ 8', 'ตำแหน่ง/สังกัด (จำลอง)', NULL, 1, 1, 'normal', 7),
(785, 46, 'ผู้เข้าร่วม คนที่ 9', 'ตำแหน่ง/สังกัด (จำลอง)', NULL, 1, 1, 'normal', 8),
(786, 46, 'ผู้เข้าร่วม คนที่ 10', 'ตำแหน่ง/สังกัด (จำลอง)', NULL, 1, 1, 'normal', 9),
(787, 46, 'ผู้เข้าร่วม คนที่ 11', 'ตำแหน่ง/สังกัด (จำลอง)', NULL, 1, 1, 'normal', 10),
(788, 46, 'ผู้เข้าร่วม คนที่ 12', 'ตำแหน่ง/สังกัด (จำลอง)', NULL, 1, 1, 'normal', 11),
(789, 46, 'ผู้เข้าร่วม คนที่ 13', 'ตำแหน่ง/สังกัด (จำลอง)', NULL, 1, 1, 'normal', 12),
(790, 46, 'ผู้เข้าร่วม คนที่ 14', 'ตำแหน่ง/สังกัด (จำลอง)', NULL, 1, 1, 'normal', 13),
(791, 46, 'ผู้เข้าร่วม คนที่ 15', 'ตำแหน่ง/สังกัด (จำลอง)', NULL, 1, 1, 'normal', 14),
(792, 46, 'ผู้เข้าร่วม คนที่ 16', 'ตำแหน่ง/สังกัด (จำลอง)', NULL, 1, 1, 'normal', 15),
(793, 46, 'ผู้เข้าร่วม คนที่ 17', 'ตำแหน่ง/สังกัด (จำลอง)', NULL, 1, 1, 'normal', 16),
(794, 46, 'ผู้เข้าร่วม คนที่ 18', 'ตำแหน่ง/สังกัด (จำลอง)', NULL, 1, 1, 'normal', 17),
(795, 46, 'ผู้เข้าร่วม คนที่ 19', 'ตำแหน่ง/สังกัด (จำลอง)', NULL, 1, 1, 'normal', 18),
(796, 46, 'ผู้เข้าร่วม คนที่ 20', 'ตำแหน่ง/สังกัด (จำลอง)', NULL, 1, 1, 'normal', 19),
(797, 46, 'ผู้เข้าร่วม คนที่ 21', 'ตำแหน่ง/สังกัด (จำลอง)', NULL, 1, 1, 'normal', 20),
(798, 46, 'ผู้เข้าร่วม คนที่ 22', 'ตำแหน่ง/สังกัด (จำลอง)', NULL, 1, 1, 'normal', 21),
(802, 47, 'VVIP คนที่ 1', 'ตำแหน่ง/สังกัด (จำลอง)', NULL, 1, 1, 'normal', 0),
(803, 47, 'VVIP คนที่ 2', 'ตำแหน่ง/สังกัด (จำลอง)', NULL, 1, 1, 'normal', 1),
(804, 47, 'VVIP คนที่ 3', 'ตำแหน่ง/สังกัด (จำลอง)', NULL, 1, 1, 'normal', 2),
(805, 47, 'VVIP คนที่ 4', 'ตำแหน่ง/สังกัด (จำลอง)', NULL, 1, 1, 'normal', 3),
(806, 47, 'VVIP คนที่ 5', 'ตำแหน่ง/สังกัด (จำลอง)', NULL, 1, 1, 'normal', 4),
(807, 47, 'VVIP คนที่ 6', 'ตำแหน่ง/สังกัด (จำลอง)', NULL, 1, 1, 'normal', 5),
(808, 47, 'VVIP คนที่ 7', 'ตำแหน่ง/สังกัด (จำลอง)', NULL, 1, 1, 'normal', 6),
(809, 47, 'ผู้แทน', 'บริษัท อินโนเวตีฟ เอ็กเพอริเมนต์ จำกัด (INEX)', NULL, 1, 1, 'normal', 7),
(810, 47, 'นายอิทธิพล ภู่โกสีย์', 'ผจก.บริษัท เซียร์ พร็อพเพอร์ตี้ จำกัด (มหาชน)', '12/img_697876387a717.png', 1, 1, 'normal', 8),
(811, 47, 'นายสง่า แต่เชื้อสาย', 'รองเลขาธิการคณะกรรมการการอาชีวศึกษา', '12/img_6978d7da796bd.png', 1, 1, 'normal', 9),
(812, 47, 'คุณชาติสยาม สุจริตจันทร์', 'ผู้อำนวยการบริหาร บริษัท เซียร์ พร๊อพเพอร์ตี้ จำกัด  (มหาชน)', '12/img_6978fd38083c2.png', 1, 1, 'normal', 10),
(813, 47, 'ศ. ดร.สมปอง คล้ายหนองสรวง', 'ผู้อำนวยการสำนักงานคณะกรรมการส่งเสริม วิทยาศาสตร์ วิจัยและนวัตกรรม', '12/img_6978fd8e386f2.png', 1, 1, 'normal', 11),
(814, 47, 'นายวันชัย ตันติวิทยาพิทักษ์', 'ผู้อํานวยการองค์การกระจายเสียงและแพร่ภาพ สาธารณะแห่งประเทศไทย', '12/img_6978fe04c8745.png', 1, 1, 'normal', 12),
(815, 47, 'นายธนวิศิษฎ์ อยู่ยอด', 'ผู้จัดการอาวุโส ส่วนงาน LEAN ACADEMY บริษัทจินป่าว พรีซิชั่น อินดัสทรี่ จำกัด', '12/img_6978fe3868962.png', 1, 1, 'normal', 13),
(816, 47, 'VVIP คนที่ 15', 'ตำแหน่ง/สังกัด (จำลอง)', NULL, 1, 1, 'normal', 14),
(817, 47, 'VVIP คนที่ 16', 'ตำแหน่ง/สังกัด (จำลอง)', NULL, 1, 1, 'normal', 15),
(818, 47, 'VVIP คนที่ 17', 'ตำแหน่ง/สังกัด (จำลอง)', NULL, 1, 1, 'normal', 16),
(819, 47, 'VVIP คนที่ 18', 'ตำแหน่ง/สังกัด (จำลอง)', NULL, 1, 1, 'normal', 17),
(820, 47, 'VVIP คนที่ 19', 'ตำแหน่ง/สังกัด (จำลอง)', NULL, 1, 1, 'normal', 18),
(821, 47, 'VVIP คนที่ 20', 'ตำแหน่ง/สังกัด (จำลอง)', NULL, 1, 1, 'normal', 19),
(822, 48, 'นายณัฐนนท์ ภู่อริยพงศ์', 'ผู้อำนวยการวิทยาลัยเทคนิคลำปาง', '12/img_6978dac4175de.png', 1, 1, 'normal', 0),
(823, 48, 'นายวิชรุติ ลี้จินดา', 'ผู้อำนวยการวิทยาลัยสารพัดช่างลำปาง', '12/img_6978dcfdb6b56.png', 1, 1, 'normal', 1),
(824, 48, 'นายเทียน รั้งกลาง', 'ผู้อำนวยการวิทยาลัยการอาชีพพิชัย', '12/img_6978de6c4c5a7.png', 1, 1, 'normal', 2),
(825, 48, 'นายพงศ์กานต์ เอี่ยมสงคราม', 'ผู้อำนวยการวิทยาลัยอาชีวศึกษานครสวรรค์', '12/img_6978def66a950.png', 1, 1, 'normal', 3),
(826, 48, 'นายรชต ดิลกรัชตสกุล', 'ผู้อำนวยการวิทยาลัยเทคนิคปัว', '12/img_6978e29202881.png', 1, 1, 'normal', 4),
(827, 48, 'นายเดโชวัต ทักคุ้ม', 'ผู้อำนวยการวิทยาลัยเทคนิคแม่สอด', '12/img_6978e37be9181.png', 1, 1, 'normal', 5),
(828, 48, 'นายบัณฑิตย์ สิงห์ช่างชัย', 'ผู้อำนวยการวิทยาลัยอาชีวศึกษาอุตรดิตถ์', '12/img_6978e4216b3c8.png', 1, 1, 'normal', 6),
(829, 48, 'ร้อยตรีสมฤทธิ์ ไกลถิ่น', 'ผู้อำนวยการวิทยาลัยเทคนิคเทิง', '12/img_6978e4b803a61.png', 1, 1, 'normal', 7),
(830, 48, 'นายภัทธาวุธ โพธา', 'ผู้อำนวยการวิทยาลัยสารพัดช่างกำแพงเพชร', '12/img_6978e579e270d.png', 1, 1, 'normal', 8),
(831, 48, 'นายมารุต รื่นรวย', 'ผู้อำนวยการวิทยาลัยอาชีวศึกษาสุโขทัย', '12/img_6978e71b1019c.png', 1, 1, 'normal', 9),
(832, 48, 'รศ.เชาวฤทธิ์ ลำพาย', 'ผู้อำนวยการวิทยาลัยอาชีวศึกษาร้อยเอ็ด', '12/img_6978e7d196d25.png', 1, 1, 'normal', 10),
(833, 48, 'นายศุภกฤต แกมนิรัตน์', 'ผู้อำนวยการวิทยาลัยเทคนิคเลย', '12/img_6978ed93d0c3f.png', 1, 1, 'normal', 11),
(834, 48, 'นายสุริยา พงษ์ศิริรักษ์', 'ผู้อำนวยการวิทยาลัยเทคนิคปากช่อง', '12/img_6978ef15c1aaa.png', 1, 1, 'normal', 12),
(835, 48, 'นายบรรจง จำพร', 'ผู้อำนวยการวิทยาลัยเทคนิคเกษตรวิสัย', '12/img_6978f00641e6c.png', 1, 1, 'normal', 13),
(836, 48, 'นายทวิกานต์ ผดุงสันต์', 'ผู้อำนวยการสถานศึกษาวิทยาลัยเทคนิคราษีไศล', '12/img_6978f0972e7ed.png', 1, 1, 'normal', 14),
(837, 48, 'นายสมชาย อินทร์ปรางค์', 'ผู้อำนวยการวิทยาลัยการอาชีพบุรีรัมย์', '12/img_6978f1456dda9.png', 1, 1, 'normal', 15),
(838, 48, 'นางอุไรวรรณ เชาวน์ชื่น', 'ผู้อำนวยการวิทยาลัยการอาชีพบ้านลาด', '12/img_6978f23c9fbea.png', 1, 1, 'normal', 16),
(839, 48, 'นายณัฐวุฒิ พุ่มน้อย', 'ผู้อำนวยการวิทยาลัยเทคนิคราชบุรี 2', '12/img_6978f45bbe74a.png', 1, 1, 'normal', 17),
(840, 48, 'นายไพบูลย์ คำภาพักตร์', 'ผู้อำนวยการวิทยาลัยสารพัดช่างบรรหาร-แจ่มใส', '12/img_6978f5176a783.png', 1, 1, 'normal', 18),
(841, 48, 'นายเจษฎา อนันทวรรณ', 'ผู้อำนวยการวิทยาลัยการอาชีพหลวงประธานราษฎร์นิกร', '12/img_6978f5e54a396.png', 1, 1, 'normal', 19),
(842, 48, 'นายโสภณ ตันพิริยะกุล', 'รองผู้อำนวยการวิทยาลัยเทคนิคปทุมธานี', '12/img_6978f6cfe669e.png', 1, 1, 'normal', 20),
(843, 48, 'นางวราพร ตันพิริยะกุล', 'รองผู้อำนวยการวิทยาลัยเทคนิคนนทบุรี', '12/img_6978f8590ddb1.png', 1, 1, 'normal', 21),
(844, 48, 'นายศิรวิทย์ หริรักษ์', 'รองผู้อำนวยการวิทยาลัยเทคนิคนนทบุรี', '12/img_6979ba917b5cf.png', 1, 1, 'normal', 22),
(845, 48, 'นายสุรศักดิ์ ผาสุขรูป', 'ครู วิทยาลัยเทคนิคสระบุรี', '12/img_6978f9e6095a9.png', 1, 1, 'normal', 23),
(846, 49, 'นายปรารถนา ราชสุภา', 'ครู วิทยาลัยเทคนิคสิงห์บุรี', '12/img_6978fb7ba6f35.png', 1, 1, 'normal', 0),
(847, 49, 'ผู้แทน', 'บริษัท อี พาวเวอร์ เซอร์วิส จำกัด', '12/img_6978febd29d1b.png', 1, 1, 'normal', 1),
(848, 49, 'ผู้แทน', 'บริษัท เอไอ แล็บ จำกัด', '12/img_6978ff27cc8e6.png', 1, 1, 'normal', 2),
(849, 49, 'ผู้แทน', 'บริษัท HLT stainlass จำกัด', '12/img_6978ffa569582.jpg', 1, 1, 'normal', 3),
(850, 49, 'ผู้แทน', 'บริษัท เซนส์ เอไอ จำกัด', '12/img_6978fffc8dc64.jpg', 1, 1, 'normal', 4),
(851, 49, 'ผู้แทน', 'บริษัท คิงส์ชินพาวเวอร์ จำกัด', '12/img_6979003948a55.png', 1, 1, 'normal', 5),
(852, 49, 'ผู้แทน', 'บริษัท TRIPLE Experts จำกัด', '12/img_697900e766fad.png', 1, 1, 'normal', 6),
(853, 49, 'ผู้แทน', 'บริษัท เอ็ดดู พาร์ท จำกัด', '12/img_69790184a3a5e.png', 1, 1, 'normal', 7),
(854, 49, 'ผู้แทน', 'บริษัท เอช วี แมชชีนเนอรี่ จำกัด', '12/img_697901c4b289f.jpg', 1, 1, 'normal', 8),
(855, 49, 'ผู้แทน', 'บริษัท APITech จำกัด', '12/img_6979022e49c18.jpg', 1, 1, 'normal', 9),
(856, 49, 'ผู้แทน', 'บริษัท เจริญชัยหม้อแปลงไฟฟ้า จำกัด', '12/img_69790291733ee.jpg', 1, 1, 'normal', 10),
(857, 49, 'นายณรงค์ หวังอีน', 'ผู้อำนวยการวิทยาลัยการอาชีพไชยา', '12/img_697904523ff41.png', 1, 1, 'normal', 11),
(858, 49, 'นายมนัสณาช์ ชูเชิด', 'ผู้อำนวยการวิทยาลัยเทคนิคนครปฐม', '12/img_697905af84de2.png', 1, 1, 'normal', 12),
(859, 49, 'ว่าที่พันตรีวัชรพล ลักษณลม้าย', 'ผู้อำนวยการวิทยาลัยเทคนิคฉะเชิงเทรา', '12/img_697906669f6f5.png', 1, 1, 'normal', 13),
(860, 49, 'นางสาวชนม์ศิกานต์ แก้วกระจ่าง', 'ผู้อำนวยการวิทยาลัยเทคนิคพัทลุง', '12/img_697907b36c70e.png', 1, 1, 'normal', 14),
(861, 49, 'นางอรทัย โยธินรุ่งเรือง สุดสงวน', 'ผู้อำนวยการวิทยาลัยเทคนิคสัตหีบ', '12/img_697908457198e.png', 1, 1, 'normal', 15),
(862, 49, 'นายพงษ์ศักดิ์ นุ้ยเจริญ', 'ผู้อำนวยการวิทยาลัยอาชีวศึกษาสุราษฎร์ธานี', '12/img_6979096ec9bc7.png', 1, 1, 'normal', 16),
(863, 49, 'VIP-รับโล่รางวัล2 คนที่ 18', 'ตำแหน่ง/สังกัด (จำลอง)', NULL, 1, 1, 'normal', 17),
(864, 49, 'VIP-รับโล่รางวัล2 คนที่ 19', 'ตำแหน่ง/สังกัด (จำลอง)', NULL, 1, 1, 'normal', 18),
(865, 49, 'VIP-รับโล่รางวัล2 คนที่ 20', 'ตำแหน่ง/สังกัด (จำลอง)', NULL, 1, 1, 'normal', 19),
(866, 49, 'VIP-รับโล่รางวัล2 คนที่ 21', 'ตำแหน่ง/สังกัด (จำลอง)', NULL, 1, 1, 'normal', 20),
(867, 49, 'VIP-รับโล่รางวัล2 คนที่ 22', 'ตำแหน่ง/สังกัด (จำลอง)', NULL, 1, 1, 'normal', 21),
(868, 49, 'VIP-รับโล่รางวัล2 คนที่ 23', 'ตำแหน่ง/สังกัด (จำลอง)', NULL, 1, 1, 'normal', 22),
(869, 49, 'VIP-รับโล่รางวัล2 คนที่ 24', 'ตำแหน่ง/สังกัด (จำลอง)', NULL, 1, 1, 'normal', 23),
(870, 50, 'A คนที่ 1', 'ตำแหน่ง/สังกัด (จำลอง)', NULL, 1, 1, 'normal', 0),
(871, 50, 'A คนที่ 2', 'ตำแหน่ง/สังกัด (จำลอง)', NULL, 1, 1, 'normal', 1),
(872, 50, 'A คนที่ 3', 'ตำแหน่ง/สังกัด (จำลอง)', NULL, 1, 1, 'normal', 2),
(873, 50, 'A คนที่ 4', 'ตำแหน่ง/สังกัด (จำลอง)', NULL, 1, 1, 'normal', 3),
(874, 50, 'A คนที่ 5', 'ตำแหน่ง/สังกัด (จำลอง)', NULL, 1, 1, 'normal', 4),
(875, 50, 'A คนที่ 6', 'ตำแหน่ง/สังกัด (จำลอง)', NULL, 1, 1, 'normal', 5),
(876, 50, 'A คนที่ 7', 'ตำแหน่ง/สังกัด (จำลอง)', NULL, 1, 1, 'normal', 6),
(877, 50, 'A คนที่ 8', 'ตำแหน่ง/สังกัด (จำลอง)', NULL, 1, 1, 'normal', 7),
(878, 50, 'A คนที่ 9', 'ตำแหน่ง/สังกัด (จำลอง)', NULL, 1, 1, 'normal', 8),
(879, 50, 'A คนที่ 10', 'ตำแหน่ง/สังกัด (จำลอง)', NULL, 1, 1, 'normal', 9),
(880, 50, 'A คนที่ 11', 'ตำแหน่ง/สังกัด (จำลอง)', NULL, 1, 1, 'normal', 10),
(881, 50, 'A คนที่ 12', 'ตำแหน่ง/สังกัด (จำลอง)', NULL, 1, 1, 'normal', 11),
(882, 50, 'A คนที่ 13', 'ตำแหน่ง/สังกัด (จำลอง)', NULL, 1, 1, 'normal', 12),
(883, 50, 'A คนที่ 14', 'ตำแหน่ง/สังกัด (จำลอง)', NULL, 1, 1, 'normal', 13),
(884, 50, 'A คนที่ 15', 'ตำแหน่ง/สังกัด (จำลอง)', NULL, 1, 1, 'normal', 14),
(885, 50, 'A คนที่ 16', 'ตำแหน่ง/สังกัด (จำลอง)', NULL, 1, 1, 'normal', 15),
(886, 50, 'A คนที่ 17', 'ตำแหน่ง/สังกัด (จำลอง)', NULL, 1, 1, 'normal', 16),
(887, 50, 'A คนที่ 18', 'ตำแหน่ง/สังกัด (จำลอง)', NULL, 1, 1, 'normal', 17),
(888, 50, 'A คนที่ 19', 'ตำแหน่ง/สังกัด (จำลอง)', NULL, 1, 1, 'normal', 18),
(889, 50, 'A คนที่ 20', 'ตำแหน่ง/สังกัด (จำลอง)', NULL, 1, 1, 'normal', 19),
(890, 50, 'A คนที่ 21', 'ตำแหน่ง/สังกัด (จำลอง)', NULL, 1, 1, 'normal', 20),
(891, 50, 'A คนที่ 22', 'ตำแหน่ง/สังกัด (จำลอง)', NULL, 1, 1, 'normal', 21),
(892, 50, 'A คนที่ 23', 'ตำแหน่ง/สังกัด (จำลอง)', NULL, 1, 1, 'normal', 22),
(893, 50, 'A คนที่ 24', 'ตำแหน่ง/สังกัด (จำลอง)', NULL, 1, 1, 'normal', 23),
(894, 51, 'B คนที่ 1', 'ตำแหน่ง/สังกัด (จำลอง)', NULL, 1, 1, 'normal', 0),
(895, 51, 'B คนที่ 2', 'ตำแหน่ง/สังกัด (จำลอง)', NULL, 1, 1, 'normal', 1),
(896, 51, 'B คนที่ 3', 'ตำแหน่ง/สังกัด (จำลอง)', NULL, 1, 1, 'normal', 2),
(897, 51, 'B คนที่ 4', 'ตำแหน่ง/สังกัด (จำลอง)', NULL, 1, 1, 'normal', 3),
(898, 51, 'B คนที่ 5', 'ตำแหน่ง/สังกัด (จำลอง)', NULL, 1, 1, 'normal', 4),
(899, 51, 'B คนที่ 6', 'ตำแหน่ง/สังกัด (จำลอง)', NULL, 1, 1, 'normal', 5),
(900, 51, 'B คนที่ 7', 'ตำแหน่ง/สังกัด (จำลอง)', NULL, 1, 1, 'normal', 6),
(901, 51, 'B คนที่ 8', 'ตำแหน่ง/สังกัด (จำลอง)', NULL, 1, 1, 'normal', 7),
(902, 51, 'B คนที่ 9', 'ตำแหน่ง/สังกัด (จำลอง)', NULL, 1, 1, 'normal', 8),
(903, 51, 'B คนที่ 10', 'ตำแหน่ง/สังกัด (จำลอง)', NULL, 1, 1, 'normal', 9),
(904, 51, 'B คนที่ 11', 'ตำแหน่ง/สังกัด (จำลอง)', NULL, 1, 1, 'normal', 10),
(905, 51, 'B คนที่ 12', 'ตำแหน่ง/สังกัด (จำลอง)', NULL, 1, 1, 'normal', 11),
(906, 51, 'B คนที่ 13', 'ตำแหน่ง/สังกัด (จำลอง)', NULL, 1, 1, 'normal', 12),
(907, 51, 'B คนที่ 14', 'ตำแหน่ง/สังกัด (จำลอง)', NULL, 1, 1, 'normal', 13),
(908, 51, 'B คนที่ 15', 'ตำแหน่ง/สังกัด (จำลอง)', NULL, 1, 1, 'normal', 14),
(909, 51, 'B คนที่ 16', 'ตำแหน่ง/สังกัด (จำลอง)', NULL, 1, 1, 'normal', 15),
(910, 51, 'B คนที่ 17', 'ตำแหน่ง/สังกัด (จำลอง)', NULL, 1, 1, 'normal', 16),
(911, 51, 'B คนที่ 18', 'ตำแหน่ง/สังกัด (จำลอง)', NULL, 1, 1, 'normal', 17),
(912, 51, 'B คนที่ 19', 'ตำแหน่ง/สังกัด (จำลอง)', NULL, 1, 1, 'normal', 18),
(913, 51, 'B คนที่ 20', 'ตำแหน่ง/สังกัด (จำลอง)', NULL, 1, 1, 'normal', 19),
(914, 51, 'B คนที่ 21', 'ตำแหน่ง/สังกัด (จำลอง)', NULL, 1, 1, 'normal', 20),
(915, 51, 'B คนที่ 22', 'ตำแหน่ง/สังกัด (จำลอง)', NULL, 1, 1, 'normal', 21),
(916, 51, 'B คนที่ 23', 'ตำแหน่ง/สังกัด (จำลอง)', NULL, 1, 1, 'normal', 22),
(917, 51, 'B คนที่ 24', 'ตำแหน่ง/สังกัด (จำลอง)', NULL, 1, 1, 'normal', 23),
(918, 52, 'C คนที่ 1', 'ตำแหน่ง/สังกัด (จำลอง)', NULL, 1, 1, 'normal', 0),
(919, 52, 'C คนที่ 2', 'ตำแหน่ง/สังกัด (จำลอง)', NULL, 1, 1, 'normal', 1),
(920, 52, 'C คนที่ 3', 'ตำแหน่ง/สังกัด (จำลอง)', NULL, 1, 1, 'normal', 2),
(921, 52, 'C คนที่ 4', 'ตำแหน่ง/สังกัด (จำลอง)', NULL, 1, 1, 'normal', 3),
(922, 52, 'C คนที่ 5', 'ตำแหน่ง/สังกัด (จำลอง)', NULL, 1, 1, 'normal', 4),
(923, 52, 'C คนที่ 6', 'ตำแหน่ง/สังกัด (จำลอง)', NULL, 1, 1, 'normal', 5),
(924, 52, 'C คนที่ 7', 'ตำแหน่ง/สังกัด (จำลอง)', NULL, 1, 1, 'normal', 6),
(925, 52, 'C คนที่ 8', 'ตำแหน่ง/สังกัด (จำลอง)', NULL, 1, 1, 'normal', 7),
(926, 52, 'C คนที่ 9', 'ตำแหน่ง/สังกัด (จำลอง)', NULL, 1, 1, 'normal', 8),
(927, 52, 'C คนที่ 10', 'ตำแหน่ง/สังกัด (จำลอง)', NULL, 1, 1, 'normal', 9),
(928, 52, 'C คนที่ 11', 'ตำแหน่ง/สังกัด (จำลอง)', NULL, 1, 1, 'normal', 10),
(929, 52, 'C คนที่ 12', 'ตำแหน่ง/สังกัด (จำลอง)', NULL, 1, 1, 'normal', 11),
(930, 52, 'C คนที่ 13', 'ตำแหน่ง/สังกัด (จำลอง)', NULL, 1, 1, 'normal', 12),
(931, 52, 'C คนที่ 14', 'ตำแหน่ง/สังกัด (จำลอง)', NULL, 1, 1, 'normal', 13),
(932, 52, 'C คนที่ 15', 'ตำแหน่ง/สังกัด (จำลอง)', NULL, 1, 1, 'normal', 14),
(933, 52, 'C คนที่ 16', 'ตำแหน่ง/สังกัด (จำลอง)', NULL, 1, 1, 'normal', 15),
(934, 52, 'C คนที่ 17', 'ตำแหน่ง/สังกัด (จำลอง)', NULL, 1, 1, 'normal', 16),
(935, 52, 'C คนที่ 18', 'ตำแหน่ง/สังกัด (จำลอง)', NULL, 1, 1, 'normal', 17),
(936, 52, 'C คนที่ 19', 'ตำแหน่ง/สังกัด (จำลอง)', NULL, 1, 1, 'normal', 18),
(937, 52, 'C คนที่ 20', 'ตำแหน่ง/สังกัด (จำลอง)', NULL, 1, 1, 'normal', 19),
(938, 52, 'C คนที่ 21', 'ตำแหน่ง/สังกัด (จำลอง)', NULL, 1, 1, 'normal', 20),
(939, 52, 'C คนที่ 22', 'ตำแหน่ง/สังกัด (จำลอง)', NULL, 1, 1, 'normal', 21),
(940, 52, 'C คนที่ 23', 'ตำแหน่ง/สังกัด (จำลอง)', NULL, 1, 1, 'normal', 22),
(941, 52, 'C คนที่ 24', 'ตำแหน่ง/สังกัด (จำลอง)', NULL, 1, 1, 'normal', 23),
(942, 53, 'D คนที่ 1', 'ตำแหน่ง/สังกัด (จำลอง)', NULL, 1, 1, 'normal', 0),
(943, 53, 'D คนที่ 2', 'ตำแหน่ง/สังกัด (จำลอง)', NULL, 1, 1, 'normal', 1),
(944, 53, 'D คนที่ 3', 'ตำแหน่ง/สังกัด (จำลอง)', NULL, 1, 1, 'normal', 2),
(945, 53, 'D คนที่ 4', 'ตำแหน่ง/สังกัด (จำลอง)', NULL, 1, 1, 'normal', 3),
(946, 53, 'D คนที่ 5', 'ตำแหน่ง/สังกัด (จำลอง)', NULL, 1, 1, 'normal', 4),
(947, 53, 'D คนที่ 6', 'ตำแหน่ง/สังกัด (จำลอง)', NULL, 1, 1, 'normal', 5),
(948, 53, 'D คนที่ 7', 'ตำแหน่ง/สังกัด (จำลอง)', NULL, 1, 1, 'normal', 6),
(949, 53, 'D คนที่ 8', 'ตำแหน่ง/สังกัด (จำลอง)', NULL, 1, 1, 'normal', 7),
(950, 53, 'D คนที่ 9', 'ตำแหน่ง/สังกัด (จำลอง)', NULL, 1, 1, 'normal', 8),
(951, 53, 'D คนที่ 10', 'ตำแหน่ง/สังกัด (จำลอง)', NULL, 1, 1, 'normal', 9),
(952, 53, 'D คนที่ 11', 'ตำแหน่ง/สังกัด (จำลอง)', NULL, 1, 1, 'normal', 10),
(953, 53, 'D คนที่ 12', 'ตำแหน่ง/สังกัด (จำลอง)', NULL, 1, 1, 'normal', 11),
(954, 53, 'D คนที่ 13', 'ตำแหน่ง/สังกัด (จำลอง)', NULL, 1, 1, 'normal', 12),
(955, 53, 'D คนที่ 14', 'ตำแหน่ง/สังกัด (จำลอง)', NULL, 1, 1, 'normal', 13),
(956, 53, 'D คนที่ 15', 'ตำแหน่ง/สังกัด (จำลอง)', NULL, 1, 1, 'normal', 14),
(957, 53, 'D คนที่ 16', 'ตำแหน่ง/สังกัด (จำลอง)', NULL, 1, 1, 'normal', 15),
(958, 53, 'D คนที่ 17', 'ตำแหน่ง/สังกัด (จำลอง)', NULL, 1, 1, 'normal', 16),
(959, 53, 'D คนที่ 18', 'ตำแหน่ง/สังกัด (จำลอง)', NULL, 1, 1, 'normal', 17),
(960, 53, 'D คนที่ 19', 'ตำแหน่ง/สังกัด (จำลอง)', NULL, 1, 1, 'normal', 18),
(961, 53, 'D คนที่ 20', 'ตำแหน่ง/สังกัด (จำลอง)', NULL, 1, 1, 'normal', 19),
(962, 53, 'D คนที่ 21', 'ตำแหน่ง/สังกัด (จำลอง)', NULL, 1, 1, 'normal', 20),
(963, 53, 'D คนที่ 22', 'ตำแหน่ง/สังกัด (จำลอง)', NULL, 1, 1, 'normal', 21),
(964, 53, 'D คนที่ 23', 'ตำแหน่ง/สังกัด (จำลอง)', NULL, 1, 1, 'normal', 22),
(965, 53, 'D คนที่ 24', 'ตำแหน่ง/สังกัด (จำลอง)', NULL, 1, 1, 'normal', 23),
(966, 54, 'E คนที่ 1', 'ตำแหน่ง/สังกัด (จำลอง)', NULL, 1, 1, 'normal', 0),
(967, 54, 'E คนที่ 2', 'ตำแหน่ง/สังกัด (จำลอง)', NULL, 1, 1, 'normal', 1),
(968, 54, 'E คนที่ 3', 'ตำแหน่ง/สังกัด (จำลอง)', NULL, 1, 1, 'normal', 2),
(969, 54, 'E คนที่ 4', 'ตำแหน่ง/สังกัด (จำลอง)', NULL, 1, 1, 'normal', 3),
(970, 54, 'E คนที่ 5', 'ตำแหน่ง/สังกัด (จำลอง)', NULL, 1, 1, 'normal', 4),
(971, 54, 'E คนที่ 6', 'ตำแหน่ง/สังกัด (จำลอง)', NULL, 1, 1, 'normal', 5),
(972, 54, 'E คนที่ 7', 'ตำแหน่ง/สังกัด (จำลอง)', NULL, 1, 1, 'normal', 6),
(973, 54, 'E คนที่ 8', 'ตำแหน่ง/สังกัด (จำลอง)', NULL, 1, 1, 'normal', 7),
(974, 54, 'E คนที่ 9', 'ตำแหน่ง/สังกัด (จำลอง)', NULL, 1, 1, 'normal', 8),
(975, 54, 'E คนที่ 10', 'ตำแหน่ง/สังกัด (จำลอง)', NULL, 1, 1, 'normal', 9),
(976, 54, 'E คนที่ 11', 'ตำแหน่ง/สังกัด (จำลอง)', NULL, 1, 1, 'normal', 10),
(977, 54, 'E คนที่ 12', 'ตำแหน่ง/สังกัด (จำลอง)', NULL, 1, 1, 'normal', 11),
(978, 54, 'E คนที่ 13', 'ตำแหน่ง/สังกัด (จำลอง)', NULL, 1, 1, 'normal', 12),
(979, 54, 'E คนที่ 14', 'ตำแหน่ง/สังกัด (จำลอง)', NULL, 1, 1, 'normal', 13),
(980, 54, 'E คนที่ 15', 'ตำแหน่ง/สังกัด (จำลอง)', NULL, 1, 1, 'normal', 14),
(981, 54, 'E คนที่ 16', 'ตำแหน่ง/สังกัด (จำลอง)', NULL, 1, 1, 'normal', 15),
(982, 54, 'E คนที่ 17', 'ตำแหน่ง/สังกัด (จำลอง)', NULL, 1, 1, 'normal', 16),
(983, 54, 'E คนที่ 18', 'ตำแหน่ง/สังกัด (จำลอง)', NULL, 1, 1, 'normal', 17),
(984, 54, 'E คนที่ 19', 'ตำแหน่ง/สังกัด (จำลอง)', NULL, 1, 1, 'normal', 18),
(985, 54, 'E คนที่ 20', 'ตำแหน่ง/สังกัด (จำลอง)', NULL, 1, 1, 'normal', 19),
(986, 54, 'E คนที่ 21', 'ตำแหน่ง/สังกัด (จำลอง)', NULL, 1, 1, 'normal', 20),
(987, 54, 'E คนที่ 22', 'ตำแหน่ง/สังกัด (จำลอง)', NULL, 1, 1, 'normal', 21),
(988, 54, 'E คนที่ 23', 'ตำแหน่ง/สังกัด (จำลอง)', NULL, 1, 1, 'normal', 22),
(989, 54, 'E คนที่ 24', 'ตำแหน่ง/สังกัด (จำลอง)', NULL, 1, 1, 'normal', 23),
(990, 55, 'F คนที่ 1', 'ตำแหน่ง/สังกัด (จำลอง)', NULL, 1, 1, 'normal', 0),
(991, 55, 'F คนที่ 2', 'ตำแหน่ง/สังกัด (จำลอง)', NULL, 1, 1, 'normal', 1),
(992, 55, 'F คนที่ 3', 'ตำแหน่ง/สังกัด (จำลอง)', NULL, 1, 1, 'normal', 2),
(993, 55, 'F คนที่ 4', 'ตำแหน่ง/สังกัด (จำลอง)', NULL, 1, 1, 'normal', 3),
(994, 55, 'F คนที่ 5', 'ตำแหน่ง/สังกัด (จำลอง)', NULL, 1, 1, 'normal', 4),
(995, 55, 'F คนที่ 6', 'ตำแหน่ง/สังกัด (จำลอง)', NULL, 1, 1, 'normal', 5),
(996, 55, 'F คนที่ 7', 'ตำแหน่ง/สังกัด (จำลอง)', NULL, 1, 1, 'normal', 6),
(997, 55, 'F คนที่ 8', 'ตำแหน่ง/สังกัด (จำลอง)', NULL, 1, 1, 'normal', 7),
(998, 55, 'F คนที่ 9', 'ตำแหน่ง/สังกัด (จำลอง)', NULL, 1, 1, 'normal', 8),
(999, 55, 'F คนที่ 10', 'ตำแหน่ง/สังกัด (จำลอง)', NULL, 1, 1, 'normal', 9),
(1000, 55, 'F คนที่ 11', 'ตำแหน่ง/สังกัด (จำลอง)', NULL, 1, 1, 'normal', 10),
(1001, 55, 'F คนที่ 12', 'ตำแหน่ง/สังกัด (จำลอง)', NULL, 1, 1, 'normal', 11),
(1002, 55, 'F คนที่ 13', 'ตำแหน่ง/สังกัด (จำลอง)', NULL, 1, 1, 'normal', 12),
(1003, 55, 'F คนที่ 14', 'ตำแหน่ง/สังกัด (จำลอง)', NULL, 1, 1, 'normal', 13),
(1004, 55, 'F คนที่ 15', 'ตำแหน่ง/สังกัด (จำลอง)', NULL, 1, 1, 'normal', 14),
(1005, 55, 'F คนที่ 16', 'ตำแหน่ง/สังกัด (จำลอง)', NULL, 1, 1, 'normal', 15),
(1006, 55, 'F คนที่ 17', 'ตำแหน่ง/สังกัด (จำลอง)', NULL, 1, 1, 'normal', 16),
(1007, 55, 'F คนที่ 18', 'ตำแหน่ง/สังกัด (จำลอง)', NULL, 1, 1, 'normal', 17),
(1008, 55, 'F คนที่ 19', 'ตำแหน่ง/สังกัด (จำลอง)', NULL, 1, 1, 'normal', 18),
(1009, 55, 'F คนที่ 20', 'ตำแหน่ง/สังกัด (จำลอง)', NULL, 1, 1, 'normal', 19),
(1010, 55, 'F คนที่ 21', 'ตำแหน่ง/สังกัด (จำลอง)', NULL, 1, 1, 'normal', 20),
(1011, 55, 'F คนที่ 22', 'ตำแหน่ง/สังกัด (จำลอง)', NULL, 1, 1, 'normal', 21),
(1012, 55, 'F คนที่ 23', 'ตำแหน่ง/สังกัด (จำลอง)', NULL, 1, 1, 'normal', 22),
(1013, 55, 'F คนที่ 24', 'ตำแหน่ง/สังกัด (จำลอง)', NULL, 1, 1, 'normal', 23),
(1014, 56, 'G คนที่ 1', 'ตำแหน่ง/สังกัด (จำลอง)', NULL, 1, 1, 'normal', 0),
(1015, 56, 'G คนที่ 2', 'ตำแหน่ง/สังกัด (จำลอง)', NULL, 1, 1, 'normal', 1),
(1016, 56, 'G คนที่ 3', 'ตำแหน่ง/สังกัด (จำลอง)', NULL, 1, 1, 'normal', 2),
(1017, 56, 'G คนที่ 4', 'ตำแหน่ง/สังกัด (จำลอง)', NULL, 1, 1, 'normal', 3),
(1018, 56, 'G คนที่ 5', 'ตำแหน่ง/สังกัด (จำลอง)', NULL, 1, 1, 'normal', 4),
(1019, 56, 'G คนที่ 6', 'ตำแหน่ง/สังกัด (จำลอง)', NULL, 1, 1, 'normal', 5),
(1020, 56, 'G คนที่ 7', 'ตำแหน่ง/สังกัด (จำลอง)', NULL, 1, 1, 'normal', 6),
(1021, 56, 'G คนที่ 8', 'ตำแหน่ง/สังกัด (จำลอง)', NULL, 1, 1, 'normal', 7),
(1022, 56, 'G คนที่ 9', 'ตำแหน่ง/สังกัด (จำลอง)', NULL, 1, 1, 'normal', 8),
(1023, 56, 'G คนที่ 10', 'ตำแหน่ง/สังกัด (จำลอง)', NULL, 1, 1, 'normal', 9),
(1024, 56, 'G คนที่ 11', 'ตำแหน่ง/สังกัด (จำลอง)', NULL, 1, 1, 'normal', 10),
(1025, 56, 'G คนที่ 12', 'ตำแหน่ง/สังกัด (จำลอง)', NULL, 1, 1, 'normal', 11),
(1026, 56, 'G คนที่ 13', 'ตำแหน่ง/สังกัด (จำลอง)', NULL, 1, 1, 'normal', 12),
(1027, 56, 'G คนที่ 14', 'ตำแหน่ง/สังกัด (จำลอง)', NULL, 1, 1, 'normal', 13),
(1028, 56, 'G คนที่ 15', 'ตำแหน่ง/สังกัด (จำลอง)', NULL, 1, 1, 'normal', 14),
(1029, 56, 'G คนที่ 16', 'ตำแหน่ง/สังกัด (จำลอง)', NULL, 1, 1, 'normal', 15),
(1030, 56, 'G คนที่ 17', 'ตำแหน่ง/สังกัด (จำลอง)', NULL, 1, 1, 'normal', 16),
(1031, 56, 'G คนที่ 18', 'ตำแหน่ง/สังกัด (จำลอง)', NULL, 1, 1, 'normal', 17),
(1032, 56, 'G คนที่ 19', 'ตำแหน่ง/สังกัด (จำลอง)', NULL, 1, 1, 'normal', 18),
(1033, 56, 'G คนที่ 20', 'ตำแหน่ง/สังกัด (จำลอง)', NULL, 1, 1, 'normal', 19),
(1034, 56, 'G คนที่ 21', 'ตำแหน่ง/สังกัด (จำลอง)', NULL, 1, 1, 'normal', 20),
(1035, 56, 'G คนที่ 22', 'ตำแหน่ง/สังกัด (จำลอง)', NULL, 1, 1, 'normal', 21),
(1036, 56, 'G คนที่ 23', 'ตำแหน่ง/สังกัด (จำลอง)', NULL, 1, 1, 'normal', 22),
(1037, 56, 'G คนที่ 24', 'ตำแหน่ง/สังกัด (จำลอง)', NULL, 1, 1, 'normal', 23),
(1038, 57, 'H คนที่ 1', 'ตำแหน่ง/สังกัด (จำลอง)', NULL, 1, 1, 'normal', 0),
(1039, 57, 'H คนที่ 2', 'ตำแหน่ง/สังกัด (จำลอง)', NULL, 1, 1, 'normal', 1),
(1040, 57, 'H คนที่ 3', 'ตำแหน่ง/สังกัด (จำลอง)', NULL, 1, 1, 'normal', 2),
(1041, 57, 'H คนที่ 4', 'ตำแหน่ง/สังกัด (จำลอง)', NULL, 1, 1, 'normal', 3),
(1042, 57, 'H คนที่ 5', 'ตำแหน่ง/สังกัด (จำลอง)', NULL, 1, 1, 'normal', 4),
(1043, 57, 'H คนที่ 6', 'ตำแหน่ง/สังกัด (จำลอง)', NULL, 1, 1, 'normal', 5),
(1044, 57, 'H คนที่ 7', 'ตำแหน่ง/สังกัด (จำลอง)', NULL, 1, 1, 'normal', 6),
(1045, 57, 'H คนที่ 8', 'ตำแหน่ง/สังกัด (จำลอง)', NULL, 1, 1, 'normal', 7),
(1046, 57, 'H คนที่ 9', 'ตำแหน่ง/สังกัด (จำลอง)', NULL, 1, 1, 'normal', 8),
(1047, 57, 'H คนที่ 10', 'ตำแหน่ง/สังกัด (จำลอง)', NULL, 1, 1, 'normal', 9),
(1048, 57, 'H คนที่ 11', 'ตำแหน่ง/สังกัด (จำลอง)', NULL, 1, 1, 'normal', 10),
(1049, 57, 'H คนที่ 12', 'ตำแหน่ง/สังกัด (จำลอง)', NULL, 1, 1, 'normal', 11),
(1050, 57, 'H คนที่ 13', 'ตำแหน่ง/สังกัด (จำลอง)', NULL, 1, 1, 'normal', 12),
(1051, 57, 'H คนที่ 14', 'ตำแหน่ง/สังกัด (จำลอง)', NULL, 1, 1, 'normal', 13),
(1052, 57, 'H คนที่ 15', 'ตำแหน่ง/สังกัด (จำลอง)', NULL, 1, 1, 'normal', 14),
(1053, 57, 'H คนที่ 16', 'ตำแหน่ง/สังกัด (จำลอง)', NULL, 1, 1, 'normal', 15),
(1054, 57, 'H คนที่ 17', 'ตำแหน่ง/สังกัด (จำลอง)', NULL, 1, 1, 'normal', 16),
(1055, 57, 'H คนที่ 18', 'ตำแหน่ง/สังกัด (จำลอง)', NULL, 1, 1, 'normal', 17),
(1056, 57, 'H คนที่ 19', 'ตำแหน่ง/สังกัด (จำลอง)', NULL, 1, 1, 'normal', 18),
(1057, 57, 'H คนที่ 20', 'ตำแหน่ง/สังกัด (จำลอง)', NULL, 1, 1, 'normal', 19),
(1058, 57, 'H คนที่ 21', 'ตำแหน่ง/สังกัด (จำลอง)', NULL, 1, 1, 'normal', 20),
(1059, 57, 'H คนที่ 22', 'ตำแหน่ง/สังกัด (จำลอง)', NULL, 1, 1, 'normal', 21),
(1060, 57, 'H คนที่ 23', 'ตำแหน่ง/สังกัด (จำลอง)', NULL, 1, 1, 'normal', 22),
(1061, 57, 'H คนที่ 24', 'ตำแหน่ง/สังกัด (จำลอง)', NULL, 1, 1, 'normal', 23),
(1062, 58, 'I คนที่ 1', 'ตำแหน่ง/สังกัด (จำลอง)', NULL, 1, 1, 'normal', 0),
(1063, 58, 'I คนที่ 2', 'ตำแหน่ง/สังกัด (จำลอง)', NULL, 1, 1, 'normal', 1),
(1064, 58, 'I คนที่ 3', 'ตำแหน่ง/สังกัด (จำลอง)', NULL, 1, 1, 'normal', 2),
(1065, 58, 'I คนที่ 4', 'ตำแหน่ง/สังกัด (จำลอง)', NULL, 1, 1, 'normal', 3),
(1066, 58, 'I คนที่ 5', 'ตำแหน่ง/สังกัด (จำลอง)', NULL, 1, 1, 'normal', 4),
(1067, 58, 'I คนที่ 6', 'ตำแหน่ง/สังกัด (จำลอง)', NULL, 1, 1, 'normal', 5),
(1068, 58, 'I คนที่ 7', 'ตำแหน่ง/สังกัด (จำลอง)', NULL, 1, 1, 'normal', 6),
(1069, 58, 'I คนที่ 8', 'ตำแหน่ง/สังกัด (จำลอง)', NULL, 1, 1, 'normal', 7),
(1070, 58, 'I คนที่ 9', 'ตำแหน่ง/สังกัด (จำลอง)', NULL, 1, 1, 'normal', 8),
(1071, 58, 'I คนที่ 10', 'ตำแหน่ง/สังกัด (จำลอง)', NULL, 1, 1, 'normal', 9),
(1072, 58, 'I คนที่ 11', 'ตำแหน่ง/สังกัด (จำลอง)', NULL, 1, 1, 'normal', 10),
(1073, 58, 'I คนที่ 12', 'ตำแหน่ง/สังกัด (จำลอง)', NULL, 1, 1, 'normal', 11),
(1074, 58, 'I คนที่ 13', 'ตำแหน่ง/สังกัด (จำลอง)', NULL, 1, 1, 'normal', 12),
(1075, 58, 'I คนที่ 14', 'ตำแหน่ง/สังกัด (จำลอง)', NULL, 1, 1, 'normal', 13),
(1076, 58, 'I คนที่ 15', 'ตำแหน่ง/สังกัด (จำลอง)', NULL, 1, 1, 'normal', 14),
(1077, 58, 'I คนที่ 16', 'ตำแหน่ง/สังกัด (จำลอง)', NULL, 1, 1, 'normal', 15),
(1078, 58, 'I คนที่ 17', 'ตำแหน่ง/สังกัด (จำลอง)', NULL, 1, 1, 'normal', 16);
INSERT INTO `guests` (`id`, `group_id`, `name`, `role`, `image_path`, `row_no`, `col_no`, `status`, `sort_order`) VALUES
(1079, 58, 'I คนที่ 18', 'ตำแหน่ง/สังกัด (จำลอง)', NULL, 1, 1, 'normal', 17),
(1080, 58, 'I คนที่ 19', 'ตำแหน่ง/สังกัด (จำลอง)', NULL, 1, 1, 'normal', 18),
(1081, 58, 'I คนที่ 20', 'ตำแหน่ง/สังกัด (จำลอง)', NULL, 1, 1, 'normal', 19),
(1082, 58, 'I คนที่ 21', 'ตำแหน่ง/สังกัด (จำลอง)', NULL, 1, 1, 'normal', 20),
(1083, 58, 'I คนที่ 22', 'ตำแหน่ง/สังกัด (จำลอง)', NULL, 1, 1, 'normal', 21),
(1084, 58, 'I คนที่ 23', 'ตำแหน่ง/สังกัด (จำลอง)', NULL, 1, 1, 'normal', 22),
(1085, 58, 'I คนที่ 24', 'ตำแหน่ง/สังกัด (จำลอง)', NULL, 1, 1, 'normal', 23),
(1086, 59, 'J คนที่ 1', 'ตำแหน่ง/สังกัด (จำลอง)', NULL, 1, 1, 'normal', 0),
(1087, 59, 'J คนที่ 2', 'ตำแหน่ง/สังกัด (จำลอง)', NULL, 1, 1, 'normal', 1),
(1088, 59, 'J คนที่ 3', 'ตำแหน่ง/สังกัด (จำลอง)', NULL, 1, 1, 'normal', 2),
(1089, 59, 'J คนที่ 4', 'ตำแหน่ง/สังกัด (จำลอง)', NULL, 1, 1, 'normal', 3),
(1090, 59, 'J คนที่ 5', 'ตำแหน่ง/สังกัด (จำลอง)', NULL, 1, 1, 'normal', 4),
(1091, 59, 'J คนที่ 6', 'ตำแหน่ง/สังกัด (จำลอง)', NULL, 1, 1, 'normal', 5),
(1092, 59, 'J คนที่ 7', 'ตำแหน่ง/สังกัด (จำลอง)', NULL, 1, 1, 'normal', 6),
(1093, 59, 'J คนที่ 8', 'ตำแหน่ง/สังกัด (จำลอง)', NULL, 1, 1, 'normal', 7),
(1094, 59, 'J คนที่ 9', 'ตำแหน่ง/สังกัด (จำลอง)', NULL, 1, 1, 'normal', 8),
(1095, 59, 'J คนที่ 10', 'ตำแหน่ง/สังกัด (จำลอง)', NULL, 1, 1, 'normal', 9),
(1096, 59, 'J คนที่ 11', 'ตำแหน่ง/สังกัด (จำลอง)', NULL, 1, 1, 'normal', 10),
(1097, 59, 'J คนที่ 12', 'ตำแหน่ง/สังกัด (จำลอง)', NULL, 1, 1, 'normal', 11),
(1098, 59, 'J คนที่ 13', 'ตำแหน่ง/สังกัด (จำลอง)', NULL, 1, 1, 'normal', 12),
(1099, 59, 'J คนที่ 14', 'ตำแหน่ง/สังกัด (จำลอง)', NULL, 1, 1, 'normal', 13),
(1100, 59, 'J คนที่ 15', 'ตำแหน่ง/สังกัด (จำลอง)', NULL, 1, 1, 'normal', 14),
(1101, 59, 'J คนที่ 16', 'ตำแหน่ง/สังกัด (จำลอง)', NULL, 1, 1, 'normal', 15),
(1102, 59, 'J คนที่ 17', 'ตำแหน่ง/สังกัด (จำลอง)', NULL, 1, 1, 'normal', 16),
(1103, 59, 'J คนที่ 18', 'ตำแหน่ง/สังกัด (จำลอง)', NULL, 1, 1, 'normal', 17),
(1104, 59, 'J คนที่ 19', 'ตำแหน่ง/สังกัด (จำลอง)', NULL, 1, 1, 'normal', 18),
(1105, 59, 'J คนที่ 20', 'ตำแหน่ง/สังกัด (จำลอง)', NULL, 1, 1, 'normal', 19),
(1106, 59, 'J คนที่ 21', 'ตำแหน่ง/สังกัด (จำลอง)', NULL, 1, 1, 'normal', 20),
(1107, 59, 'J คนที่ 22', 'ตำแหน่ง/สังกัด (จำลอง)', NULL, 1, 1, 'normal', 21),
(1108, 59, 'J คนที่ 23', 'ตำแหน่ง/สังกัด (จำลอง)', NULL, 1, 1, 'normal', 22),
(1109, 59, 'J คนที่ 24', 'ตำแหน่ง/สังกัด (จำลอง)', NULL, 1, 1, 'normal', 23),
(1110, 60, 'K คนที่ 1', 'ตำแหน่ง/สังกัด (จำลอง)', NULL, 1, 1, 'normal', 0),
(1111, 60, 'K คนที่ 2', 'ตำแหน่ง/สังกัด (จำลอง)', NULL, 1, 1, 'normal', 1),
(1112, 60, 'K คนที่ 3', 'ตำแหน่ง/สังกัด (จำลอง)', NULL, 1, 1, 'normal', 2),
(1113, 60, 'K คนที่ 4', 'ตำแหน่ง/สังกัด (จำลอง)', NULL, 1, 1, 'normal', 3),
(1114, 60, 'K คนที่ 5', 'ตำแหน่ง/สังกัด (จำลอง)', NULL, 1, 1, 'normal', 4),
(1115, 60, 'K คนที่ 6', 'ตำแหน่ง/สังกัด (จำลอง)', NULL, 1, 1, 'normal', 5),
(1116, 60, 'K คนที่ 7', 'ตำแหน่ง/สังกัด (จำลอง)', NULL, 1, 1, 'normal', 6),
(1117, 60, 'K คนที่ 8', 'ตำแหน่ง/สังกัด (จำลอง)', NULL, 1, 1, 'normal', 7),
(1118, 60, 'K คนที่ 9', 'ตำแหน่ง/สังกัด (จำลอง)', NULL, 1, 1, 'normal', 8),
(1119, 60, 'K คนที่ 10', 'ตำแหน่ง/สังกัด (จำลอง)', NULL, 1, 1, 'normal', 9),
(1120, 60, 'K คนที่ 11', 'ตำแหน่ง/สังกัด (จำลอง)', NULL, 1, 1, 'normal', 10),
(1121, 60, 'K คนที่ 12', 'ตำแหน่ง/สังกัด (จำลอง)', NULL, 1, 1, 'normal', 11),
(1122, 60, 'K คนที่ 13', 'ตำแหน่ง/สังกัด (จำลอง)', NULL, 1, 1, 'normal', 12),
(1123, 60, 'K คนที่ 14', 'ตำแหน่ง/สังกัด (จำลอง)', NULL, 1, 1, 'normal', 13),
(1124, 60, 'K คนที่ 15', 'ตำแหน่ง/สังกัด (จำลอง)', NULL, 1, 1, 'normal', 14),
(1125, 60, 'K คนที่ 16', 'ตำแหน่ง/สังกัด (จำลอง)', NULL, 1, 1, 'normal', 15),
(1126, 60, 'K คนที่ 17', 'ตำแหน่ง/สังกัด (จำลอง)', NULL, 1, 1, 'normal', 16),
(1127, 60, 'K คนที่ 18', 'ตำแหน่ง/สังกัด (จำลอง)', NULL, 1, 1, 'normal', 17),
(1128, 60, 'K คนที่ 19', 'ตำแหน่ง/สังกัด (จำลอง)', NULL, 1, 1, 'normal', 18),
(1129, 60, 'K คนที่ 20', 'ตำแหน่ง/สังกัด (จำลอง)', NULL, 1, 1, 'normal', 19),
(1130, 60, 'K คนที่ 21', 'ตำแหน่ง/สังกัด (จำลอง)', NULL, 1, 1, 'normal', 20),
(1131, 60, 'K คนที่ 22', 'ตำแหน่ง/สังกัด (จำลอง)', NULL, 1, 1, 'normal', 21),
(1132, 60, 'K คนที่ 23', 'ตำแหน่ง/สังกัด (จำลอง)', NULL, 1, 1, 'normal', 22),
(1133, 60, 'K คนที่ 24', 'ตำแหน่ง/สังกัด (จำลอง)', NULL, 1, 1, 'normal', 23),
(1134, 61, 'L คนที่ 1', 'ตำแหน่ง/สังกัด (จำลอง)', NULL, 1, 1, 'normal', 0),
(1135, 61, 'L คนที่ 2', 'ตำแหน่ง/สังกัด (จำลอง)', NULL, 1, 1, 'normal', 1),
(1136, 61, 'L คนที่ 3', 'ตำแหน่ง/สังกัด (จำลอง)', NULL, 1, 1, 'normal', 2),
(1137, 61, 'L คนที่ 4', 'ตำแหน่ง/สังกัด (จำลอง)', NULL, 1, 1, 'normal', 3),
(1138, 61, 'L คนที่ 5', 'ตำแหน่ง/สังกัด (จำลอง)', NULL, 1, 1, 'normal', 4),
(1139, 61, 'L คนที่ 6', 'ตำแหน่ง/สังกัด (จำลอง)', NULL, 1, 1, 'normal', 5),
(1140, 61, 'L คนที่ 7', 'ตำแหน่ง/สังกัด (จำลอง)', NULL, 1, 1, 'normal', 6),
(1141, 61, 'L คนที่ 8', 'ตำแหน่ง/สังกัด (จำลอง)', NULL, 1, 1, 'normal', 7),
(1142, 61, 'L คนที่ 9', 'ตำแหน่ง/สังกัด (จำลอง)', NULL, 1, 1, 'normal', 8),
(1143, 61, 'L คนที่ 10', 'ตำแหน่ง/สังกัด (จำลอง)', NULL, 1, 1, 'normal', 9),
(1144, 61, 'L คนที่ 11', 'ตำแหน่ง/สังกัด (จำลอง)', NULL, 1, 1, 'normal', 10),
(1145, 61, 'L คนที่ 12', 'ตำแหน่ง/สังกัด (จำลอง)', NULL, 1, 1, 'normal', 11),
(1146, 61, 'L คนที่ 13', 'ตำแหน่ง/สังกัด (จำลอง)', NULL, 1, 1, 'normal', 12),
(1147, 61, 'L คนที่ 14', 'ตำแหน่ง/สังกัด (จำลอง)', NULL, 1, 1, 'normal', 13),
(1148, 61, 'L คนที่ 15', 'ตำแหน่ง/สังกัด (จำลอง)', NULL, 1, 1, 'normal', 14),
(1149, 61, 'L คนที่ 16', 'ตำแหน่ง/สังกัด (จำลอง)', NULL, 1, 1, 'normal', 15),
(1150, 61, 'L คนที่ 17', 'ตำแหน่ง/สังกัด (จำลอง)', NULL, 1, 1, 'normal', 16),
(1151, 61, 'L คนที่ 18', 'ตำแหน่ง/สังกัด (จำลอง)', NULL, 1, 1, 'normal', 17),
(1152, 61, 'L คนที่ 19', 'ตำแหน่ง/สังกัด (จำลอง)', NULL, 1, 1, 'normal', 18),
(1153, 61, 'L คนที่ 20', 'ตำแหน่ง/สังกัด (จำลอง)', NULL, 1, 1, 'normal', 19),
(1154, 61, 'L คนที่ 21', 'ตำแหน่ง/สังกัด (จำลอง)', NULL, 1, 1, 'normal', 20),
(1155, 61, 'L คนที่ 22', 'ตำแหน่ง/สังกัด (จำลอง)', NULL, 1, 1, 'normal', 21),
(1156, 61, 'L คนที่ 23', 'ตำแหน่ง/สังกัด (จำลอง)', NULL, 1, 1, 'normal', 22),
(1157, 61, 'L คนที่ 24', 'ตำแหน่ง/สังกัด (จำลอง)', NULL, 1, 1, 'normal', 23),
(1158, 62, 'M คนที่ 1', 'ตำแหน่ง/สังกัด (จำลอง)', NULL, 1, 1, 'normal', 0),
(1159, 62, 'M คนที่ 2', 'ตำแหน่ง/สังกัด (จำลอง)', NULL, 1, 1, 'normal', 1),
(1160, 62, 'M คนที่ 3', 'ตำแหน่ง/สังกัด (จำลอง)', NULL, 1, 1, 'normal', 2),
(1161, 62, 'M คนที่ 4', 'ตำแหน่ง/สังกัด (จำลอง)', NULL, 1, 1, 'normal', 3),
(1162, 62, 'M คนที่ 5', 'ตำแหน่ง/สังกัด (จำลอง)', NULL, 1, 1, 'normal', 4),
(1163, 62, 'M คนที่ 6', 'ตำแหน่ง/สังกัด (จำลอง)', NULL, 1, 1, 'normal', 5),
(1164, 62, 'M คนที่ 7', 'ตำแหน่ง/สังกัด (จำลอง)', NULL, 1, 1, 'normal', 6),
(1165, 62, 'M คนที่ 8', 'ตำแหน่ง/สังกัด (จำลอง)', NULL, 1, 1, 'normal', 7),
(1166, 62, 'M คนที่ 9', 'ตำแหน่ง/สังกัด (จำลอง)', NULL, 1, 1, 'normal', 8),
(1167, 62, 'M คนที่ 10', 'ตำแหน่ง/สังกัด (จำลอง)', NULL, 1, 1, 'normal', 9),
(1168, 62, 'M คนที่ 11', 'ตำแหน่ง/สังกัด (จำลอง)', NULL, 1, 1, 'normal', 10),
(1169, 62, 'M คนที่ 12', 'ตำแหน่ง/สังกัด (จำลอง)', NULL, 1, 1, 'normal', 11),
(1170, 62, 'M คนที่ 13', 'ตำแหน่ง/สังกัด (จำลอง)', NULL, 1, 1, 'normal', 12),
(1171, 62, 'M คนที่ 14', 'ตำแหน่ง/สังกัด (จำลอง)', NULL, 1, 1, 'normal', 13),
(1172, 62, 'M คนที่ 15', 'ตำแหน่ง/สังกัด (จำลอง)', NULL, 1, 1, 'normal', 14),
(1173, 62, 'M คนที่ 16', 'ตำแหน่ง/สังกัด (จำลอง)', NULL, 1, 1, 'normal', 15),
(1174, 62, 'M คนที่ 17', 'ตำแหน่ง/สังกัด (จำลอง)', NULL, 1, 1, 'normal', 16),
(1175, 62, 'M คนที่ 18', 'ตำแหน่ง/สังกัด (จำลอง)', NULL, 1, 1, 'normal', 17),
(1176, 62, 'M คนที่ 19', 'ตำแหน่ง/สังกัด (จำลอง)', NULL, 1, 1, 'normal', 18),
(1177, 62, 'M คนที่ 20', 'ตำแหน่ง/สังกัด (จำลอง)', NULL, 1, 1, 'normal', 19),
(1178, 62, 'M คนที่ 21', 'ตำแหน่ง/สังกัด (จำลอง)', NULL, 1, 1, 'normal', 20),
(1179, 62, 'M คนที่ 22', 'ตำแหน่ง/สังกัด (จำลอง)', NULL, 1, 1, 'normal', 21),
(1180, 62, 'M คนที่ 23', 'ตำแหน่ง/สังกัด (จำลอง)', NULL, 1, 1, 'normal', 22),
(1181, 62, 'M คนที่ 24', 'ตำแหน่ง/สังกัด (จำลอง)', NULL, 1, 1, 'normal', 23),
(1182, 63, 'N คนที่ 1', 'ตำแหน่ง/สังกัด (จำลอง)', NULL, 1, 1, 'normal', 0),
(1183, 63, 'N คนที่ 2', 'ตำแหน่ง/สังกัด (จำลอง)', NULL, 1, 1, 'normal', 1),
(1184, 63, 'N คนที่ 3', 'ตำแหน่ง/สังกัด (จำลอง)', NULL, 1, 1, 'normal', 2),
(1185, 63, 'N คนที่ 4', 'ตำแหน่ง/สังกัด (จำลอง)', NULL, 1, 1, 'normal', 3),
(1186, 63, 'N คนที่ 5', 'ตำแหน่ง/สังกัด (จำลอง)', NULL, 1, 1, 'normal', 4),
(1187, 63, 'N คนที่ 6', 'ตำแหน่ง/สังกัด (จำลอง)', NULL, 1, 1, 'normal', 5),
(1188, 63, 'N คนที่ 7', 'ตำแหน่ง/สังกัด (จำลอง)', NULL, 1, 1, 'normal', 6),
(1189, 63, 'N คนที่ 8', 'ตำแหน่ง/สังกัด (จำลอง)', NULL, 1, 1, 'normal', 7),
(1190, 63, 'N คนที่ 9', 'ตำแหน่ง/สังกัด (จำลอง)', NULL, 1, 1, 'normal', 8),
(1191, 63, 'N คนที่ 10', 'ตำแหน่ง/สังกัด (จำลอง)', NULL, 1, 1, 'normal', 9),
(1192, 63, 'N คนที่ 11', 'ตำแหน่ง/สังกัด (จำลอง)', NULL, 1, 1, 'normal', 10),
(1193, 63, 'N คนที่ 12', 'ตำแหน่ง/สังกัด (จำลอง)', NULL, 1, 1, 'normal', 11),
(1194, 63, 'N คนที่ 13', 'ตำแหน่ง/สังกัด (จำลอง)', NULL, 1, 1, 'normal', 12),
(1195, 63, 'N คนที่ 14', 'ตำแหน่ง/สังกัด (จำลอง)', NULL, 1, 1, 'normal', 13),
(1196, 63, 'N คนที่ 15', 'ตำแหน่ง/สังกัด (จำลอง)', NULL, 1, 1, 'normal', 14),
(1197, 63, 'N คนที่ 16', 'ตำแหน่ง/สังกัด (จำลอง)', NULL, 1, 1, 'normal', 15),
(1198, 63, 'N คนที่ 17', 'ตำแหน่ง/สังกัด (จำลอง)', NULL, 1, 1, 'normal', 16),
(1199, 63, 'N คนที่ 18', 'ตำแหน่ง/สังกัด (จำลอง)', NULL, 1, 1, 'normal', 17),
(1200, 63, 'N คนที่ 19', 'ตำแหน่ง/สังกัด (จำลอง)', NULL, 1, 1, 'normal', 18),
(1201, 63, 'N คนที่ 20', 'ตำแหน่ง/สังกัด (จำลอง)', NULL, 1, 1, 'normal', 19),
(1202, 63, 'N คนที่ 21', 'ตำแหน่ง/สังกัด (จำลอง)', NULL, 1, 1, 'normal', 20),
(1203, 63, 'N คนที่ 22', 'ตำแหน่ง/สังกัด (จำลอง)', NULL, 1, 1, 'normal', 21),
(1204, 63, 'N คนที่ 23', 'ตำแหน่ง/สังกัด (จำลอง)', NULL, 1, 1, 'normal', 22),
(1205, 63, 'N คนที่ 24', 'ตำแหน่ง/สังกัด (จำลอง)', NULL, 1, 1, 'normal', 23),
(1206, 64, 'O คนที่ 1', 'ตำแหน่ง/สังกัด (จำลอง)', NULL, 1, 1, 'normal', 0),
(1207, 64, 'O คนที่ 2', 'ตำแหน่ง/สังกัด (จำลอง)', NULL, 1, 1, 'normal', 1),
(1208, 64, 'O คนที่ 3', 'ตำแหน่ง/สังกัด (จำลอง)', NULL, 1, 1, 'normal', 2),
(1209, 64, 'O คนที่ 4', 'ตำแหน่ง/สังกัด (จำลอง)', NULL, 1, 1, 'normal', 3),
(1210, 64, 'O คนที่ 5', 'ตำแหน่ง/สังกัด (จำลอง)', NULL, 1, 1, 'normal', 4),
(1211, 64, 'O คนที่ 6', 'ตำแหน่ง/สังกัด (จำลอง)', NULL, 1, 1, 'normal', 5),
(1212, 64, 'O คนที่ 7', 'ตำแหน่ง/สังกัด (จำลอง)', NULL, 1, 1, 'normal', 6),
(1213, 64, 'O คนที่ 8', 'ตำแหน่ง/สังกัด (จำลอง)', NULL, 1, 1, 'normal', 7),
(1214, 64, 'O คนที่ 9', 'ตำแหน่ง/สังกัด (จำลอง)', NULL, 1, 1, 'normal', 8),
(1215, 64, 'O คนที่ 10', 'ตำแหน่ง/สังกัด (จำลอง)', NULL, 1, 1, 'normal', 9),
(1216, 64, 'O คนที่ 11', 'ตำแหน่ง/สังกัด (จำลอง)', NULL, 1, 1, 'normal', 10),
(1217, 64, 'O คนที่ 12', 'ตำแหน่ง/สังกัด (จำลอง)', NULL, 1, 1, 'normal', 11),
(1218, 64, 'O คนที่ 13', 'ตำแหน่ง/สังกัด (จำลอง)', NULL, 1, 1, 'normal', 12),
(1219, 64, 'O คนที่ 14', 'ตำแหน่ง/สังกัด (จำลอง)', NULL, 1, 1, 'normal', 13),
(1220, 64, 'O คนที่ 15', 'ตำแหน่ง/สังกัด (จำลอง)', NULL, 1, 1, 'normal', 14),
(1221, 64, 'O คนที่ 16', 'ตำแหน่ง/สังกัด (จำลอง)', NULL, 1, 1, 'normal', 15),
(1222, 64, 'O คนที่ 17', 'ตำแหน่ง/สังกัด (จำลอง)', NULL, 1, 1, 'normal', 16),
(1223, 64, 'O คนที่ 18', 'ตำแหน่ง/สังกัด (จำลอง)', NULL, 1, 1, 'normal', 17),
(1224, 64, 'O คนที่ 19', 'ตำแหน่ง/สังกัด (จำลอง)', NULL, 1, 1, 'normal', 18),
(1225, 64, 'O คนที่ 20', 'ตำแหน่ง/สังกัด (จำลอง)', NULL, 1, 1, 'normal', 19),
(1226, 64, 'O คนที่ 21', 'ตำแหน่ง/สังกัด (จำลอง)', NULL, 1, 1, 'normal', 20),
(1227, 64, 'O คนที่ 22', 'ตำแหน่ง/สังกัด (จำลอง)', NULL, 1, 1, 'normal', 21),
(1228, 64, 'O คนที่ 23', 'ตำแหน่ง/สังกัด (จำลอง)', NULL, 1, 1, 'normal', 22),
(1229, 64, 'O คนที่ 24', 'ตำแหน่ง/สังกัด (จำลอง)', NULL, 1, 1, 'normal', 23),
(1230, 65, 'P คนที่ 1', 'ตำแหน่ง/สังกัด (จำลอง)', NULL, 1, 1, 'normal', 0),
(1231, 65, 'P คนที่ 2', 'ตำแหน่ง/สังกัด (จำลอง)', NULL, 1, 1, 'normal', 1),
(1232, 65, 'P คนที่ 3', 'ตำแหน่ง/สังกัด (จำลอง)', NULL, 1, 1, 'normal', 2),
(1233, 65, 'P คนที่ 4', 'ตำแหน่ง/สังกัด (จำลอง)', NULL, 1, 1, 'normal', 3),
(1234, 65, 'P คนที่ 5', 'ตำแหน่ง/สังกัด (จำลอง)', NULL, 1, 1, 'normal', 4),
(1235, 65, 'P คนที่ 6', 'ตำแหน่ง/สังกัด (จำลอง)', NULL, 1, 1, 'normal', 5),
(1236, 65, 'P คนที่ 7', 'ตำแหน่ง/สังกัด (จำลอง)', NULL, 1, 1, 'normal', 6),
(1237, 65, 'P คนที่ 8', 'ตำแหน่ง/สังกัด (จำลอง)', NULL, 1, 1, 'normal', 7),
(1238, 65, 'P คนที่ 9', 'ตำแหน่ง/สังกัด (จำลอง)', NULL, 1, 1, 'normal', 8),
(1239, 65, 'P คนที่ 10', 'ตำแหน่ง/สังกัด (จำลอง)', NULL, 1, 1, 'normal', 9),
(1240, 65, 'P คนที่ 11', 'ตำแหน่ง/สังกัด (จำลอง)', NULL, 1, 1, 'normal', 10),
(1241, 65, 'P คนที่ 12', 'ตำแหน่ง/สังกัด (จำลอง)', NULL, 1, 1, 'normal', 11),
(1242, 65, 'P คนที่ 13', 'ตำแหน่ง/สังกัด (จำลอง)', NULL, 1, 1, 'normal', 12),
(1243, 65, 'P คนที่ 14', 'ตำแหน่ง/สังกัด (จำลอง)', NULL, 1, 1, 'normal', 13),
(1244, 65, 'P คนที่ 15', 'ตำแหน่ง/สังกัด (จำลอง)', NULL, 1, 1, 'normal', 14),
(1245, 65, 'P คนที่ 16', 'ตำแหน่ง/สังกัด (จำลอง)', NULL, 1, 1, 'normal', 15),
(1246, 65, 'P คนที่ 17', 'ตำแหน่ง/สังกัด (จำลอง)', NULL, 1, 1, 'normal', 16),
(1247, 65, 'P คนที่ 18', 'ตำแหน่ง/สังกัด (จำลอง)', NULL, 1, 1, 'normal', 17),
(1248, 65, 'P คนที่ 19', 'ตำแหน่ง/สังกัด (จำลอง)', NULL, 1, 1, 'normal', 18),
(1249, 65, 'P คนที่ 20', 'ตำแหน่ง/สังกัด (จำลอง)', NULL, 1, 1, 'normal', 19),
(1250, 65, 'P คนที่ 21', 'ตำแหน่ง/สังกัด (จำลอง)', NULL, 1, 1, 'normal', 20),
(1251, 65, 'P คนที่ 22', 'ตำแหน่ง/สังกัด (จำลอง)', NULL, 1, 1, 'normal', 21),
(1252, 65, 'P คนที่ 23', 'ตำแหน่ง/สังกัด (จำลอง)', NULL, 1, 1, 'normal', 22),
(1253, 65, 'P คนที่ 24', 'ตำแหน่ง/สังกัด (จำลอง)', NULL, 1, 1, 'normal', 23),
(1254, 66, 'นายดำรงค์ สุดวิลัย', 'ผู้อำนวยการวิทยาลัยเทคนิคปทุมธานี', '13/img_6979fc384a6a0.png', 1, 1, 'normal', 3),
(1255, 66, 'นายสายันต์ แสงสุริยันต์', 'ประธานฯ ภาคใต้', '13/img_6979fb5163850.png', 1, 1, 'normal', 4),
(1256, 66, 'นายพิศาล ปฤษณารุณ', 'ประธานฯ ภาคกลาง', '13/img_6979fad4a93bf.png', 1, 1, 'normal', 5),
(1257, 66, 'ผู้แทน', 'บริษัท อินโนเวตีฟ เอ็กเพอริเมนต์ จำกัด (INEX)', '13/img_6979aeddc1fc2.jpg', 1, 1, 'normal', 6),
(1258, 66, 'นายธนวิศิษฎ์ อยู่ยอด', 'ผู้จัดการอาวุโส ส่วนงาน LEAN ACADEMY บริษัทจินป่าว พรีซิชั่น อินดัสทรี่ จำกัด', '13/img_6979aafb4cf11.png', 1, 1, 'normal', 7),
(1259, 66, 'ศ. ดร.สมปอง คล้ายหนองสรวง', 'ผู้อำนวยการสำนักงานคณะกรรมการส่งเสริม วิทยาศาสตร์ วิจัยและนวัตกรรม', '13/img_6979ac775aa11.png', 1, 1, 'normal', 8),
(1260, 66, 'นายสง่า แต่เชื้อสาย', 'รองเลขาธิการคณะกรรมการการอาชีวศึกษา', '13/img_6979a934b5d44.png', 1, 1, 'normal', 9),
(1261, 66, 'คุณชาติสยาม สุจริตจันทร์', 'ผู้อำนวยการบริหาร บริษัท เซียร์ พร๊อพเพอร์ตี้ จำกัด  (มหาชน)', '13/img_6979a9e480e28.png', 1, 1, 'normal', 10),
(1262, 66, 'นายภูวดล มิ่งขวัญ', 'ผู้อำนวยการสำนักวิจัยและพัฒนาการอาชีวศึกษา', '13/img_6979ade8a678b.png', 1, 1, 'normal', 11),
(1263, 66, 'นายวันชัย ตันติวิทยาพิทักษ์', 'ผู้อํานวยการองค์การกระจายเสียงและแพร่ภาพ สาธารณะแห่งประเทศไทย', '13/img_6979ace287b09.png', 1, 1, 'normal', 12),
(1264, 66, 'นายธิปดิ์ ภาสว่าง', 'ประธานฯ ระดับชาติ', '13/img_6979f88f74065.png', 1, 1, 'normal', 13),
(1265, 66, 'นายสุรศักดิ์ เทียบรัตน์', 'ประธานฯ ภาคเหนือ', '13/img_6979f941a0968.png', 1, 1, 'normal', 14),
(1266, 66, 'นายพงษ์สวัสดิ์ พิมพิไสย', 'ประธานฯ ภาคอีสาน', '13/img_6979f9b86ebb0.png', 1, 1, 'normal', 15),
(1267, 66, 'นายกิตติพงค์ อุตตมะเวทิน', 'ประธานฯ ภาคตะวันออกและกทม.', '13/img_6979fa44ae8cf.png', 1, 1, 'normal', 16),
(1268, 67, 'นายณัฐนนท์ ภู่อริยพงศ์', 'ผู้อำนวยการวิทยาลัยเทคนิคลำปาง', '13/img_6979b59d32d22.png', 1, 1, 'normal', 0),
(1269, 67, 'นายวิชรุติ ลี้จินดา', 'ผู้อำนวยการวิทยาลัยสารพัดช่างลำปาง', '13/img_6979b5e31df59.png', 1, 1, 'normal', 1),
(1270, 67, 'นายเทียน รั้งกลาง', 'ผู้อำนวยการวิทยาลัยการอาชีพพิชัย', '13/img_6979b62674cf4.png', 1, 1, 'normal', 2),
(1271, 67, 'นายพงศ์กานต์ เอี่ยมสงคราม', 'ผู้อำนวยการวิทยาลัยอาชีวศึกษานครสวรรค์', '13/img_6979b6652f4eb.png', 1, 1, 'normal', 3),
(1272, 67, 'นายรชต ดิลกรัชตสกุล', 'ผู้อำนวยการวิทยาลัยเทคนิคปัว', '13/img_6979b683ac867.png', 1, 1, 'normal', 4),
(1273, 67, 'นายเดโชวัต ทักคุ้ม', 'ผู้อำนวยการวิทยาลัยเทคนิคแม่สอด', '13/img_6979b6ac070b9.png', 1, 1, 'normal', 5),
(1274, 67, 'นายบัณฑิตย์ สิงห์ช่างชัย', 'ผู้อำนวยการวิทยาลัยอาชีวศึกษาอุตรดิตถ์', '13/img_6979b6de343fc.png', 1, 1, 'normal', 6),
(1275, 67, 'ร้อยตรีสมฤทธิ์ ไกลถิ่น', 'ผู้อำนวยการวิทยาลัยเทคนิคเทิง', '13/img_6979b70d44c3b.png', 1, 1, 'normal', 7),
(1276, 67, 'นายภัทธาวุธ โพธา', 'ผู้อำนวยการวิทยาลัยสารพัดช่างกำแพงเพชร', '13/img_6979b74555456.png', 1, 1, 'normal', 8),
(1277, 67, 'นายมารุต รื่นรวย', 'ผู้อำนวยการวิทยาลัยอาชีวศึกษาสุโขทัย', '13/img_6979b767eefa4.png', 1, 1, 'normal', 9),
(1278, 67, 'รศ.เชาวฤทธิ์ ลำพาย', 'ผู้อำนวยการวิทยาลัยอาชีวศึกษาร้อยเอ็ด', '13/img_6979b7bc60fe0.png', 1, 1, 'normal', 10),
(1279, 67, 'นายศุภกฤต แกมนิรัตน์', 'ผู้อำนวยการวิทยาลัยเทคนิคเลย', '13/img_6979b8e5eed5a.png', 1, 1, 'normal', 11),
(1280, 67, 'นายสุริยา พงษ์ศิริรักษ์', 'ผู้อำนวยการวิทยาลัยเทคนิคปากช่อง', '13/img_6979b91c95807.png', 1, 1, 'normal', 12),
(1281, 67, 'นายบรรจง จำพร', 'ผู้อำนวยการวิทยาลัยเทคนิคเกษตรวิสัย', '13/img_6979b93bcb49c.png', 1, 1, 'normal', 13),
(1282, 67, 'นายทวิกานต์ ผดุงสันต์', 'ผู้อำนวยการสถานศึกษาวิทยาลัยเทคนิคราษีไศล', '13/img_6979b95b43171.png', 1, 1, 'normal', 14),
(1283, 67, 'นายสมชาย อินทร์ปรางค์', 'ผู้อำนวยการวิทยาลัยการอาชีพบุรีรัมย์', '13/img_6979b97c60942.png', 1, 1, 'normal', 15),
(1284, 67, 'นางอุไรวรรณ เชาวน์ชื่น', 'ผู้อำนวยการวิทยาลัยการอาชีพบ้านลาด', '13/img_6979b9a1e5778.png', 1, 1, 'normal', 16),
(1285, 67, 'นายณัฐวุฒิ พุ่มน้อย', 'ผู้อำนวยการวิทยาลัยเทคนิคราชบุรี 2', '13/img_6979b9c79a1a3.png', 1, 1, 'normal', 17),
(1286, 67, 'นายไพบูลย์ คำภาพักตร์', 'ผู้อำนวยการวิทยาลัยสารพัดช่างบรรหาร-แจ่มใส', '13/img_6979b9e949f7f.png', 1, 1, 'normal', 18),
(1287, 67, 'นายเจษฎา อนันทวรรณ', 'ผู้อำนวยการวิทยาลัยการอาชีพหลวงประธานราษฎร์นิกร', '13/img_6979ba159b8b6.png', 1, 1, 'normal', 19),
(1288, 68, 'นายโสภณ ตันพิริยะกุล', 'รองผู้อำนวยการวิทยาลัยเทคนิคปทุมธานี', '13/img_6979ba407d87d.png', 1, 1, 'normal', 0),
(1289, 68, 'นางวราพร ตันพิริยะกุล', 'รองผู้อำนวยการวิทยาลัยเทคนิคนนทบุรี', '13/img_6979ba714deae.png', 1, 1, 'normal', 1),
(1290, 68, 'นายศิรวิทย์ หริรักษ์', 'รองผู้อำนวยการวิทยาลัยเทคนิคนนทบุรี', '13/img_6979ba9b67880.png', 1, 1, 'normal', 2),
(1291, 68, 'นายปรารถนา ราชสุภา', 'ครู วิทยาลัยเทคนิคสิงห์บุรี', '13/img_6979bae2e694b.png', 1, 1, 'normal', 3),
(1292, 68, 'นายวิโรจธ์ ธิมา', 'วิทยาลัยการอาชีพศรีสะเกษ', '13/img_6979f787a8130.png', 1, 1, 'normal', 4),
(1293, 68, 'ผู้แทน', 'บริษัท อี พาวเวอร์ เซอร์วิส จำกัด', '13/img_6979f671ccb5c.png', 1, 1, 'normal', 5),
(1294, 68, 'ผู้แทน', 'บริษัท เอไอ แล็บ จำกัด', '13/img_6979f65b5ed79.png', 1, 1, 'normal', 6),
(1295, 68, 'ผู้แทน', 'บริษัท HLT stainlass จำกัด', '13/img_6979f645b3622.jpg', 1, 1, 'normal', 7),
(1296, 68, 'ผู้แทน', 'บริษัท เซนส์ เอไอ จำกัด', '13/img_6979f639d4a5a.jpg', 1, 1, 'normal', 8),
(1297, 68, 'ผู้แทน', 'บริษัท คิงส์ชินพาวเวอร์ จำกัด', '13/img_6979f62096bfe.png', 1, 1, 'normal', 9),
(1298, 68, 'ผู้แทน', 'บริษัท TRIPLE Experts จำกัด', '13/img_6979f61248795.png', 1, 1, 'normal', 10),
(1299, 68, 'ผู้แทน', 'บริษัท เอ็ดดู พาร์ท จำกัด', '13/img_6979f60247dad.png', 1, 1, 'normal', 11),
(1300, 68, 'ผู้แทน', 'บริษัท เอช วี แมชชีนเนอรี่ จำกัด', '13/img_6979f5f33215a.png', 1, 1, 'normal', 12),
(1301, 68, 'ผู้แทน', 'บริษัท APITech จำกัด', '13/img_6979f5d5e707c.jpg', 1, 1, 'normal', 13),
(1302, 68, 'ผู้แทน', 'บริษัท เจริญชัยหม้อแปลงไฟฟ้า จำกัด', '13/img_6979f5ba3fd08.jpg', 1, 1, 'normal', 14),
(1303, 68, 'นายณรงค์ หวังอีน', 'ผู้อำนวยการวิทยาลัยการอาชีพไชยา', '13/img_6979f0751cfc6.png', 1, 1, 'normal', 15),
(1304, 68, 'นายมนัสณาช์ ชูเชิด', 'ผู้อำนวยการวิทยาลัยเทคนิคนครปฐม', '13/img_6979f051297d2.png', 1, 1, 'normal', 16),
(1305, 68, 'ว่าที่พันตรีวัชรพล ลักษณลม้าย', 'ผู้อำนวยการวิทยาลัยเทคนิคฉะเชิงเทรา', '13/img_6979ed28adce2.png', 1, 1, 'normal', 17),
(1306, 68, 'นางสาวชนม์ศิกานต์ แก้วกระจ่าง', 'ผู้อำนวยการวิทยาลัยเทคนิคพัทลุง', '13/img_6979ed13bef7b.png', 1, 1, 'normal', 18),
(1307, 68, 'นางอรทัย โยธินรุ่งเรือง สุดสงวน', 'ผู้อำนวยการวิทยาลัยเทคนิคสัตหีบ', '13/img_6979ecee41b69.png', 1, 1, 'normal', 19),
(1308, 69, 'นายพงษ์ศักดิ์ นุ้ยเจริญ', 'ผู้อำนวยการวิทยาลัยอาชีวศึกษาสุราษฎร์ธานี', '13/img_6979ecc4cfdcb.png', 1, 1, 'normal', 0),
(1309, 69, 'คณะกรรมการผู้ทรงคุณวุฒิ', '', NULL, 1, 1, 'normal', 1),
(1310, 69, 'คณะกรรมการผู้ทรงคุณวุฒิ', '', NULL, 1, 1, 'normal', 2),
(1311, 69, 'คณะกรรมการผู้ทรงคุณวุฒิ', '', NULL, 1, 1, 'normal', 3),
(1312, 69, 'คณะกรรมการผู้ทรงคุณวุฒิ', '', NULL, 1, 1, 'normal', 4),
(1313, 69, 'คณะกรรมการผู้ทรงคุณวุฒิ', '', NULL, 1, 1, 'normal', 5),
(1314, 69, 'คณะกรรมการผู้ทรงคุณวุฒิ', '', NULL, 1, 1, 'normal', 6),
(1315, 69, 'คณะกรรมการผู้ทรงคุณวุฒิ', '', NULL, 1, 1, 'normal', 7),
(1316, 69, 'คณะกรรมการผู้ทรงคุณวุฒิ', '', NULL, 1, 1, 'normal', 8),
(1317, 69, 'คณะกรรมการผู้ทรงคุณวุฒิ', '', NULL, 1, 1, 'normal', 9),
(1318, 69, 'ทรัพย์สินทางปัญญา', '', NULL, 1, 1, 'normal', 10),
(1319, 69, 'ทรัพย์สินทางปัญญา', '', NULL, 1, 1, 'normal', 11),
(1320, 69, 'ทรัพย์สินทางปัญญา', '', NULL, 1, 1, 'normal', 12),
(1321, 69, 'ทรัพย์สินทางปัญญา', '', NULL, 1, 1, 'normal', 13),
(1322, 69, 'ทรัพย์สินทางปัญญา', '', NULL, 1, 1, 'normal', 14),
(1323, 69, 'ทรัพย์สินทางปัญญา', '', NULL, 1, 1, 'normal', 15),
(1324, 69, 'ทรัพย์สินทางปัญญา', '', NULL, 1, 1, 'normal', 16),
(1325, 69, 'ทรัพย์สินทางปัญญา', '', NULL, 1, 1, 'normal', 17),
(1326, 69, 'ทรัพย์สินทางปัญญา', '', NULL, 1, 1, 'normal', 18),
(1327, 69, 'ทรัพย์สินทางปัญญา', '', NULL, 1, 1, 'normal', 19),
(1328, 70, 'นายอนุชิด อรรถานิธี', 'ผู้อำนวยการวิทยาลัยการอาชีพ อินทร์บุรี', NULL, 1, 1, 'normal', 0),
(1329, 70, 'นายสุทธิพงษ์  โชติพิสุทธิเมธี', 'ผู้อำนวยการวิทยาลัยเทคนิคแพร่', NULL, 1, 1, 'normal', 1),
(1330, 70, 'นายวิทยา เกตุชู', 'ผู้อำนวยการวิทยาลัยอาชีวศึกษาภูเก็ต', NULL, 1, 1, 'normal', 7),
(1331, 70, 'นายภาณุวัฒน์  บุญยะรัตน์', 'ผู้อำนวยการวิทยาลัยสารพัดช่างพัทลุง', NULL, 1, 1, 'normal', 8),
(1332, 70, 'นายวิเชียร บุญเตี่ยว', 'ผู้อำนวยการวิทยาลัยเทคนิคสตูล', NULL, 1, 1, 'normal', 9),
(1333, 70, 'นางประกายแก้ว  ศุภอักษร', 'ผู้อำนวยการวิทยาลัยอาชีวศึกษายะลา', NULL, 1, 1, 'normal', 10),
(1334, 70, 'นายวีระชัย สมบัติกำไร', 'ผู้อำนวยการวิทยาลัยเทคนิคนิคมอุตสาหกรรมระยอง', NULL, 1, 1, 'normal', 11),
(1335, 70, 'นายยุทธพันธ์  โคตรพันธ์', 'ผู้อำนวยการวิทยาลัยเทคนิคบ้านค่าย', NULL, 1, 1, 'normal', 12),
(1336, 70, 'นายอุเทน ปิ่นม่วง', 'ผู้อำนวยการวิทยาลัยอาชีวศึกษาพิษณุโลก', NULL, 1, 1, 'normal', 13),
(1337, 70, 'นายสายชล ชมภู', 'ผู้อำนวยการวิทยาลัยสารพัดช่างเพชรบูรณ์', NULL, 1, 1, 'normal', 14),
(1338, 70, 'นายโชติ เรืองฤทธิ์', 'ผู้อำนวยการวิทยาลัยการอาชีพขาณุวรลักษบุรี', NULL, 1, 1, 'normal', 15),
(1339, 70, 'นายศุภชัย แน่นอุดร', 'ผู้อำนวยการวิทยาลัยการอาชีพท่าตูม', NULL, 1, 1, 'normal', 16),
(1340, 70, 'นายพยนต์ สืบเสน', 'ผู้อำนวยการวิทยาลัยเทคนิคกันทรารมย์', NULL, 1, 1, 'normal', 17),
(1341, 70, 'นายจักรี อุไรวงศ์', 'ผู้อำนวยการวิทยาลัยเกษตรและเทคโนโลยีชัยภูมิ', NULL, 1, 1, 'normal', 18),
(1342, 70, 'นายศักดิ์สิทธิ์  กุชโร', 'ผู้อำนวยการวิทยาลัยบริหารธุรกิจและการท่องเที่ยว นครราชสีมา', NULL, 1, 1, 'normal', 19),
(1343, 71, 'นายเริงศักดิ์ เข็มทอง', 'ผู้อำนวยการวิทยาลัยเทคนิคโคกสำโรง', NULL, 1, 1, 'normal', 0),
(1344, 71, 'นายไพฑูรย์ สังข์สวัสดิ์', 'ผู้อำนวยการวิทยาลัยเทคนิคอ่างทอง', NULL, 1, 1, 'normal', 1),
(1345, 71, 'นายอรรถพันธ์  นามกูล', 'ผู้อำนวยการวิทยาลัยการอาชีพสองพี่น้อง', NULL, 1, 1, 'normal', 2),
(1346, 71, 'นายอภินันท์ วิลาศ', 'ผู้อำนวยการวิทยาลัยเกษตรและเทคโนโลยีสิงห์บุรี', NULL, 1, 1, 'normal', 3),
(1347, 70, 'นายสุรสิทธิ์ เบญญาวัฒนาศิริ', 'ผู้อำนวยการวิทยาลัยเทคโนโลยี และอุตสาหกรรมการต่อเรือพระนครศรีอยุธยา', NULL, 1, 1, 'normal', 2),
(1348, 71, 'นายไพรัตน์ ถิรบุตร', 'รองประธานกรรมการตัดสินให้คะแนน ประเภทที่ ๑', NULL, 1, 1, 'normal', 4),
(1349, 71, 'นายวัฒนะ ประเภาทัน', 'กรรมการและเลขานุการตัดสินให้คะแนน ประเภทที่ ๑', NULL, 1, 1, 'normal', 5),
(1350, 71, 'คณะกรรมการตัดสินให้คะแนน', 'ประเภทที่ ๑', NULL, 1, 1, 'normal', 6),
(1351, 71, 'นายชัชวาล วงศ์ใหม่', 'รองประธานกรรมการตัดสินให้คะแนน ประเภทที่ ๒', NULL, 1, 1, 'normal', 9),
(1352, 71, 'นายพัฒน์คณวัชร์ นวมเฟื่อง', 'กรรมการและเลขานุการตัดสินให้คะแนน ประเภทที่ ๒', NULL, 1, 1, 'normal', 10),
(1353, 71, 'คณะกรรมการตัดสินให้คะแนน', 'ประเภทที่ ๒', NULL, 1, 1, 'normal', 11),
(1354, 71, 'นายสาธิต จีนขจร', 'กรรมการและเลขานุการตัดสินให้คะแนน ประเภทที่ ๓', NULL, 1, 1, 'normal', 14),
(1355, 71, 'คณะกรรมการตัดสินให้คะแนน', 'ประเภทที่ ๓', NULL, 1, 1, 'normal', 15),
(1356, 71, 'คณะกรรมการตัดสินให้คะแนน', 'ประเภทที่ ๓', NULL, 1, 1, 'normal', 16),
(1357, 71, 'นางสาวจิรนันท์ เสนี', 'กรรมการและเลขานุการตัดสินให้คะแนน ประเภทที่ ๔', NULL, 1, 1, 'normal', 19),
(1358, 72, 'คณะกรรมการตัดสินให้คะแนน', 'ประเภทที่ ๔', NULL, 1, 1, 'normal', 19),
(1359, 72, 'คณะกรรมการตัดสินให้คะแนน', 'ประเภทที่ ๔', NULL, 1, 1, 'normal', 18),
(1360, 72, 'นายสายชล ชมพู', 'รองประธานกรรมการตัดสินให้คะแนน ประเภทที่ ๕', NULL, 1, 1, 'normal', 15),
(1361, 72, 'คณะกรรมการตัดสินให้คะแนน', 'ประเภทที่ ๕', NULL, 1, 1, 'normal', 13),
(1362, 72, 'คณะกรรมการตัดสินให้คะแนน', 'ประเภทที่ ๕', NULL, 1, 1, 'normal', 14),
(1363, 72, 'นายจิรพงค์ ร่มเงิน', 'รองประธานกรรมการตัดสินให้คะแนน ประเภทที่ ๖', NULL, 1, 1, 'normal', 10),
(1368, 72, 'รอง ผู้บริหาร สถานศึกษา ตามคำสั่ง คนที่ 1', 'ตำแหน่ง/สังกัด (จำลอง)', NULL, 1, 1, 'normal', 0),
(1369, 72, 'รอง ผู้บริหาร สถานศึกษา ตามคำสั่ง คนที่ 2', 'ตำแหน่ง/สังกัด (จำลอง)', NULL, 1, 1, 'normal', 1),
(1370, 72, 'รอง ผู้บริหาร สถานศึกษา ตามคำสั่ง คนที่ 3', 'ตำแหน่ง/สังกัด (จำลอง)', NULL, 1, 1, 'normal', 2),
(1371, 72, 'รอง ผู้บริหาร สถานศึกษา ตามคำสั่ง คนที่ 4', 'ตำแหน่ง/สังกัด (จำลอง)', NULL, 1, 1, 'normal', 3),
(1372, 72, 'รอง ผู้บริหาร สถานศึกษา ตามคำสั่ง คนที่ 5', 'ตำแหน่ง/สังกัด (จำลอง)', NULL, 1, 1, 'normal', 4),
(1373, 72, 'รอง ผู้บริหาร สถานศึกษา ตามคำสั่ง คนที่ 6', 'ตำแหน่ง/สังกัด (จำลอง)', NULL, 1, 1, 'normal', 5),
(1374, 72, 'รอง ผู้บริหาร สถานศึกษา ตามคำสั่ง คนที่ 7', 'ตำแหน่ง/สังกัด (จำลอง)', NULL, 1, 1, 'normal', 6),
(1375, 72, 'รอง ผู้บริหาร สถานศึกษา ตามคำสั่ง คนที่ 8', 'ตำแหน่ง/สังกัด (จำลอง)', NULL, 1, 1, 'normal', 7),
(1376, 72, 'รอง ผู้บริหาร สถานศึกษา ตามคำสั่ง คนที่ 9', 'ตำแหน่ง/สังกัด (จำลอง)', NULL, 1, 1, 'normal', 8),
(1377, 72, 'รอง ผู้บริหาร สถานศึกษา ตามคำสั่ง คนที่ 10', 'ตำแหน่ง/สังกัด (จำลอง)', NULL, 1, 1, 'normal', 9),
(1378, 72, 'รอง ผู้บริหาร สถานศึกษา ตามคำสั่ง คนที่ 11', 'ตำแหน่ง/สังกัด (จำลอง)', NULL, 1, 1, 'normal', 24),
(1379, 72, 'คณะกรรมการตัดสินให้คะแนน', 'ประเภทที่ ๕', NULL, 1, 1, 'normal', 11),
(1380, 72, 'คณะกรรมการตัดสินให้คะแนน', 'ประเภทที่ ๕', NULL, 1, 1, 'normal', 12),
(1381, 72, 'รอง ผู้บริหาร สถานศึกษา ตามคำสั่ง คนที่ 14', 'ตำแหน่ง/สังกัด (จำลอง)', NULL, 1, 1, 'normal', 21),
(1382, 72, 'รอง ผู้บริหาร สถานศึกษา ตามคำสั่ง คนที่ 15', 'ตำแหน่ง/สังกัด (จำลอง)', NULL, 1, 1, 'normal', 20),
(1383, 72, 'คณะกรรมการตัดสินให้คะแนน ประเภทที่ ๗', '', NULL, 1, 1, 'normal', 25),
(1384, 72, 'คณะกรรมการตัดสินให้คะแนน ประเภทที่ ๗', '', NULL, 1, 1, 'normal', 23),
(1385, 72, 'นายสุรชัย ผาโคตร', 'รองประธานกรรมการตัดสินให้คะแนน ประเภทที่ ๗', NULL, 1, 1, 'normal', 22),
(1386, 72, 'คณะกรรมการตัดสินให้คะแนน ประเภทที่ ๖', '', NULL, 1, 1, 'normal', 26),
(1387, 72, 'นางสาวจารุวรรณ กลีบเมฆ', 'กรรมการและเลขานุการตัดสินให้คะแนน ประเภทที่ ๖', NULL, 1, 1, 'normal', 27),
(1388, 73, 'ผอ. ลงทะเบียน คนที่ 1', 'ตำแหน่ง/สังกัด (จำลอง)', NULL, 1, 1, 'normal', 0),
(1389, 73, 'ผอ. ลงทะเบียน คนที่ 2', 'ตำแหน่ง/สังกัด (จำลอง)', NULL, 1, 1, 'normal', 1),
(1390, 73, 'ผอ. ลงทะเบียน คนที่ 3', 'ตำแหน่ง/สังกัด (จำลอง)', NULL, 1, 1, 'normal', 2),
(1391, 73, 'ผอ. ลงทะเบียน คนที่ 4', 'ตำแหน่ง/สังกัด (จำลอง)', NULL, 1, 1, 'normal', 3),
(1392, 73, 'ผอ. ลงทะเบียน คนที่ 5', 'ตำแหน่ง/สังกัด (จำลอง)', NULL, 1, 1, 'normal', 4),
(1393, 73, 'ผอ. ลงทะเบียน คนที่ 6', 'ตำแหน่ง/สังกัด (จำลอง)', NULL, 1, 1, 'normal', 5),
(1394, 73, 'ผอ. ลงทะเบียน คนที่ 7', 'ตำแหน่ง/สังกัด (จำลอง)', NULL, 1, 1, 'normal', 6),
(1395, 73, 'ผอ. ลงทะเบียน คนที่ 8', 'ตำแหน่ง/สังกัด (จำลอง)', NULL, 1, 1, 'normal', 7),
(1396, 73, 'ผอ. ลงทะเบียน คนที่ 9', 'ตำแหน่ง/สังกัด (จำลอง)', NULL, 1, 1, 'normal', 8),
(1397, 73, 'ผอ. ลงทะเบียน คนที่ 10', 'ตำแหน่ง/สังกัด (จำลอง)', NULL, 1, 1, 'normal', 9),
(1398, 73, 'ผอ. ลงทะเบียน คนที่ 11', 'ตำแหน่ง/สังกัด (จำลอง)', NULL, 1, 1, 'normal', 10),
(1399, 73, 'ผอ. ลงทะเบียน คนที่ 12', 'ตำแหน่ง/สังกัด (จำลอง)', NULL, 1, 1, 'normal', 11),
(1400, 73, 'ผอ. ลงทะเบียน คนที่ 13', 'ตำแหน่ง/สังกัด (จำลอง)', NULL, 1, 1, 'normal', 12),
(1401, 73, 'ผอ. ลงทะเบียน คนที่ 14', 'ตำแหน่ง/สังกัด (จำลอง)', NULL, 1, 1, 'normal', 13),
(1402, 73, 'ผอ. ลงทะเบียน คนที่ 15', 'ตำแหน่ง/สังกัด (จำลอง)', NULL, 1, 1, 'normal', 14),
(1403, 73, 'ผอ. ลงทะเบียน คนที่ 16', 'ตำแหน่ง/สังกัด (จำลอง)', NULL, 1, 1, 'normal', 15),
(1404, 73, 'ผอ. ลงทะเบียน คนที่ 17', 'ตำแหน่ง/สังกัด (จำลอง)', NULL, 1, 1, 'normal', 16),
(1405, 73, 'ผอ. ลงทะเบียน คนที่ 18', 'ตำแหน่ง/สังกัด (จำลอง)', NULL, 1, 1, 'normal', 17),
(1406, 73, 'ผอ. ลงทะเบียน คนที่ 19', 'ตำแหน่ง/สังกัด (จำลอง)', NULL, 1, 1, 'normal', 18),
(1407, 73, 'ผอ. ลงทะเบียน คนที่ 20', 'ตำแหน่ง/สังกัด (จำลอง)', NULL, 1, 1, 'normal', 19),
(1408, 74, 'ผอ. ลงทะเบียน คนที่ 1', 'ตำแหน่ง/สังกัด (จำลอง)', NULL, 1, 1, 'normal', 0),
(1409, 74, 'ผอ. ลงทะเบียน คนที่ 2', 'ตำแหน่ง/สังกัด (จำลอง)', NULL, 1, 1, 'normal', 1),
(1410, 74, 'ผอ. ลงทะเบียน คนที่ 3', 'ตำแหน่ง/สังกัด (จำลอง)', NULL, 1, 1, 'normal', 2),
(1411, 74, 'ผอ. ลงทะเบียน คนที่ 4', 'ตำแหน่ง/สังกัด (จำลอง)', NULL, 1, 1, 'normal', 3),
(1412, 74, 'ผอ. ลงทะเบียน คนที่ 5', 'ตำแหน่ง/สังกัด (จำลอง)', NULL, 1, 1, 'normal', 4),
(1413, 74, 'ผอ. ลงทะเบียน คนที่ 6', 'ตำแหน่ง/สังกัด (จำลอง)', NULL, 1, 1, 'normal', 5),
(1414, 74, 'ผอ. ลงทะเบียน คนที่ 7', 'ตำแหน่ง/สังกัด (จำลอง)', NULL, 1, 1, 'normal', 6),
(1415, 74, 'ผอ. ลงทะเบียน คนที่ 8', 'ตำแหน่ง/สังกัด (จำลอง)', NULL, 1, 1, 'normal', 7),
(1416, 74, 'ผอ. ลงทะเบียน คนที่ 9', 'ตำแหน่ง/สังกัด (จำลอง)', NULL, 1, 1, 'normal', 8),
(1417, 74, 'ผอ. ลงทะเบียน คนที่ 10', 'ตำแหน่ง/สังกัด (จำลอง)', NULL, 1, 1, 'normal', 9),
(1418, 74, 'ผอ. ลงทะเบียน คนที่ 11', 'ตำแหน่ง/สังกัด (จำลอง)', NULL, 1, 1, 'normal', 10),
(1419, 74, 'ผอ. ลงทะเบียน คนที่ 12', 'ตำแหน่ง/สังกัด (จำลอง)', NULL, 1, 1, 'normal', 11),
(1420, 74, 'ผอ. ลงทะเบียน คนที่ 13', 'ตำแหน่ง/สังกัด (จำลอง)', NULL, 1, 1, 'normal', 12),
(1421, 74, 'ผอ. ลงทะเบียน คนที่ 14', 'ตำแหน่ง/สังกัด (จำลอง)', NULL, 1, 1, 'normal', 13),
(1422, 74, 'ผอ. ลงทะเบียน คนที่ 15', 'ตำแหน่ง/สังกัด (จำลอง)', NULL, 1, 1, 'normal', 14),
(1423, 74, 'ผอ. ลงทะเบียน คนที่ 16', 'ตำแหน่ง/สังกัด (จำลอง)', NULL, 1, 1, 'normal', 15),
(1424, 74, 'ผอ. ลงทะเบียน คนที่ 17', 'ตำแหน่ง/สังกัด (จำลอง)', NULL, 1, 1, 'normal', 16),
(1425, 74, 'ผอ. ลงทะเบียน คนที่ 18', 'ตำแหน่ง/สังกัด (จำลอง)', NULL, 1, 1, 'normal', 17),
(1426, 74, 'ผอ. ลงทะเบียน คนที่ 19', 'ตำแหน่ง/สังกัด (จำลอง)', NULL, 1, 1, 'normal', 18),
(1427, 74, 'ผอ. ลงทะเบียน คนที่ 20', 'ตำแหน่ง/สังกัด (จำลอง)', NULL, 1, 1, 'normal', 19),
(1428, 75, 'ผอ. ผู้บริหาร เพิ่มเติม คนที่ 1', 'ตำแหน่ง/สังกัด (จำลอง)', NULL, 1, 1, 'normal', 0),
(1429, 75, 'ผอ. ผู้บริหาร เพิ่มเติม คนที่ 2', 'ตำแหน่ง/สังกัด (จำลอง)', NULL, 1, 1, 'normal', 1),
(1430, 75, 'ผอ. ผู้บริหาร เพิ่มเติม คนที่ 3', 'ตำแหน่ง/สังกัด (จำลอง)', NULL, 1, 1, 'normal', 2),
(1431, 75, 'ผอ. ผู้บริหาร เพิ่มเติม คนที่ 4', 'ตำแหน่ง/สังกัด (จำลอง)', NULL, 1, 1, 'normal', 3),
(1432, 75, 'ผอ. ผู้บริหาร เพิ่มเติม คนที่ 5', 'ตำแหน่ง/สังกัด (จำลอง)', NULL, 1, 1, 'normal', 4),
(1433, 75, 'ผอ. ผู้บริหาร เพิ่มเติม คนที่ 6', 'ตำแหน่ง/สังกัด (จำลอง)', NULL, 1, 1, 'normal', 5),
(1434, 75, 'ผอ. ผู้บริหาร เพิ่มเติม คนที่ 7', 'ตำแหน่ง/สังกัด (จำลอง)', NULL, 1, 1, 'normal', 6),
(1435, 75, 'ผอ. ผู้บริหาร เพิ่มเติม คนที่ 8', 'ตำแหน่ง/สังกัด (จำลอง)', NULL, 1, 1, 'normal', 7),
(1436, 75, 'ผอ. ผู้บริหาร เพิ่มเติม คนที่ 9', 'ตำแหน่ง/สังกัด (จำลอง)', NULL, 1, 1, 'normal', 8),
(1437, 75, 'ผอ. ผู้บริหาร เพิ่มเติม คนที่ 10', 'ตำแหน่ง/สังกัด (จำลอง)', NULL, 1, 1, 'normal', 9),
(1438, 75, 'ผอ. ผู้บริหาร เพิ่มเติม คนที่ 11', 'ตำแหน่ง/สังกัด (จำลอง)', NULL, 1, 1, 'normal', 10),
(1439, 75, 'ผอ. ผู้บริหาร เพิ่มเติม คนที่ 12', 'ตำแหน่ง/สังกัด (จำลอง)', NULL, 1, 1, 'normal', 11),
(1440, 75, 'ผอ. ผู้บริหาร เพิ่มเติม คนที่ 13', 'ตำแหน่ง/สังกัด (จำลอง)', NULL, 1, 1, 'normal', 12),
(1441, 75, 'ผอ. ผู้บริหาร เพิ่มเติม คนที่ 14', 'ตำแหน่ง/สังกัด (จำลอง)', NULL, 1, 1, 'normal', 13),
(1442, 75, 'ผอ. ผู้บริหาร เพิ่มเติม คนที่ 15', 'ตำแหน่ง/สังกัด (จำลอง)', NULL, 1, 1, 'normal', 14),
(1443, 75, 'ผอ. ผู้บริหาร เพิ่มเติม คนที่ 16', 'ตำแหน่ง/สังกัด (จำลอง)', NULL, 1, 1, 'normal', 15),
(1444, 75, 'ผอ. ผู้บริหาร เพิ่มเติม คนที่ 17', 'ตำแหน่ง/สังกัด (จำลอง)', NULL, 1, 1, 'normal', 16),
(1445, 75, 'ผอ. ผู้บริหาร เพิ่มเติม คนที่ 18', 'ตำแหน่ง/สังกัด (จำลอง)', NULL, 1, 1, 'normal', 17),
(1446, 75, 'ผอ. ผู้บริหาร เพิ่มเติม คนที่ 19', 'ตำแหน่ง/สังกัด (จำลอง)', NULL, 1, 1, 'normal', 18),
(1447, 75, 'ผอ. ผู้บริหาร เพิ่มเติม คนที่ 20', 'ตำแหน่ง/สังกัด (จำลอง)', NULL, 1, 1, 'normal', 19),
(1448, 76, 'ผอ. ผู้บริหาร เพิ่มเติม คนที่ 1', 'ตำแหน่ง/สังกัด (จำลอง)', NULL, 1, 1, 'normal', 0),
(1449, 76, 'ผอ. ผู้บริหาร เพิ่มเติม คนที่ 2', 'ตำแหน่ง/สังกัด (จำลอง)', NULL, 1, 1, 'normal', 1),
(1450, 76, 'ผอ. ผู้บริหาร เพิ่มเติม คนที่ 3', 'ตำแหน่ง/สังกัด (จำลอง)', NULL, 1, 1, 'normal', 2),
(1451, 76, 'ผอ. ผู้บริหาร เพิ่มเติม คนที่ 4', 'ตำแหน่ง/สังกัด (จำลอง)', NULL, 1, 1, 'normal', 3),
(1452, 76, 'ผอ. ผู้บริหาร เพิ่มเติม คนที่ 5', 'ตำแหน่ง/สังกัด (จำลอง)', NULL, 1, 1, 'normal', 4),
(1453, 76, 'ผอ. ผู้บริหาร เพิ่มเติม คนที่ 6', 'ตำแหน่ง/สังกัด (จำลอง)', NULL, 1, 1, 'normal', 5),
(1454, 76, 'ผอ. ผู้บริหาร เพิ่มเติม คนที่ 7', 'ตำแหน่ง/สังกัด (จำลอง)', NULL, 1, 1, 'normal', 6),
(1455, 76, 'ผอ. ผู้บริหาร เพิ่มเติม คนที่ 8', 'ตำแหน่ง/สังกัด (จำลอง)', NULL, 1, 1, 'normal', 7),
(1456, 76, 'ผอ. ผู้บริหาร เพิ่มเติม คนที่ 9', 'ตำแหน่ง/สังกัด (จำลอง)', NULL, 1, 1, 'normal', 8),
(1457, 76, 'ผอ. ผู้บริหาร เพิ่มเติม คนที่ 10', 'ตำแหน่ง/สังกัด (จำลอง)', NULL, 1, 1, 'normal', 9),
(1458, 76, 'ผอ. ผู้บริหาร เพิ่มเติม คนที่ 11', 'ตำแหน่ง/สังกัด (จำลอง)', NULL, 1, 1, 'normal', 10),
(1459, 76, 'ผอ. ผู้บริหาร เพิ่มเติม คนที่ 12', 'ตำแหน่ง/สังกัด (จำลอง)', NULL, 1, 1, 'normal', 11),
(1460, 76, 'ผอ. ผู้บริหาร เพิ่มเติม คนที่ 13', 'ตำแหน่ง/สังกัด (จำลอง)', NULL, 1, 1, 'normal', 12),
(1461, 76, 'ผอ. ผู้บริหาร เพิ่มเติม คนที่ 14', 'ตำแหน่ง/สังกัด (จำลอง)', NULL, 1, 1, 'normal', 13),
(1462, 76, 'ผอ. ผู้บริหาร เพิ่มเติม คนที่ 15', 'ตำแหน่ง/สังกัด (จำลอง)', NULL, 1, 1, 'normal', 14),
(1463, 76, 'ผอ. ผู้บริหาร เพิ่มเติม คนที่ 16', 'ตำแหน่ง/สังกัด (จำลอง)', NULL, 1, 1, 'normal', 15),
(1464, 76, 'ผอ. ผู้บริหาร เพิ่มเติม คนที่ 17', 'ตำแหน่ง/สังกัด (จำลอง)', NULL, 1, 1, 'normal', 16),
(1465, 76, 'ผอ. ผู้บริหาร เพิ่มเติม คนที่ 18', 'ตำแหน่ง/สังกัด (จำลอง)', NULL, 1, 1, 'normal', 17),
(1466, 76, 'ผอ. ผู้บริหาร เพิ่มเติม คนที่ 19', 'ตำแหน่ง/สังกัด (จำลอง)', NULL, 1, 1, 'normal', 18),
(1467, 76, 'ผอ. ผู้บริหาร เพิ่มเติม คนที่ 20', 'ตำแหน่ง/สังกัด (จำลอง)', NULL, 1, 1, 'normal', 19),
(1468, 77, 'ครูที่ปรึกษา คนที่ 1', 'ตำแหน่ง/สังกัด (จำลอง)', NULL, 1, 1, 'normal', 0),
(1469, 77, 'ครูที่ปรึกษา คนที่ 2', 'ตำแหน่ง/สังกัด (จำลอง)', NULL, 1, 1, 'normal', 1),
(1470, 77, 'ครูที่ปรึกษา คนที่ 3', 'ตำแหน่ง/สังกัด (จำลอง)', NULL, 1, 1, 'normal', 2),
(1471, 77, 'ครูที่ปรึกษา คนที่ 4', 'ตำแหน่ง/สังกัด (จำลอง)', NULL, 1, 1, 'normal', 3),
(1472, 77, 'ครูที่ปรึกษา คนที่ 5', 'ตำแหน่ง/สังกัด (จำลอง)', NULL, 1, 1, 'normal', 4),
(1473, 77, 'ครูที่ปรึกษา คนที่ 6', 'ตำแหน่ง/สังกัด (จำลอง)', NULL, 1, 1, 'normal', 5),
(1474, 77, 'ครูที่ปรึกษา คนที่ 7', 'ตำแหน่ง/สังกัด (จำลอง)', NULL, 1, 1, 'normal', 6),
(1475, 77, 'ครูที่ปรึกษา คนที่ 8', 'ตำแหน่ง/สังกัด (จำลอง)', NULL, 1, 1, 'normal', 7),
(1476, 77, 'ครูที่ปรึกษา คนที่ 9', 'ตำแหน่ง/สังกัด (จำลอง)', NULL, 1, 1, 'normal', 8),
(1477, 77, 'ครูที่ปรึกษา คนที่ 10', 'ตำแหน่ง/สังกัด (จำลอง)', NULL, 1, 1, 'normal', 9),
(1478, 77, 'ครูที่ปรึกษา คนที่ 11', 'ตำแหน่ง/สังกัด (จำลอง)', NULL, 1, 1, 'normal', 10),
(1479, 77, 'ครูที่ปรึกษา คนที่ 12', 'ตำแหน่ง/สังกัด (จำลอง)', NULL, 1, 1, 'normal', 11),
(1480, 77, 'ครูที่ปรึกษา คนที่ 13', 'ตำแหน่ง/สังกัด (จำลอง)', NULL, 1, 1, 'normal', 12),
(1481, 77, 'ครูที่ปรึกษา คนที่ 14', 'ตำแหน่ง/สังกัด (จำลอง)', NULL, 1, 1, 'normal', 13),
(1482, 77, 'ครูที่ปรึกษา คนที่ 15', 'ตำแหน่ง/สังกัด (จำลอง)', NULL, 1, 1, 'normal', 14),
(1483, 77, 'ครูที่ปรึกษา คนที่ 16', 'ตำแหน่ง/สังกัด (จำลอง)', NULL, 1, 1, 'normal', 15),
(1484, 77, 'ครูที่ปรึกษา คนที่ 17', 'ตำแหน่ง/สังกัด (จำลอง)', NULL, 1, 1, 'normal', 16),
(1485, 77, 'ครูที่ปรึกษา คนที่ 18', 'ตำแหน่ง/สังกัด (จำลอง)', NULL, 1, 1, 'normal', 17),
(1486, 77, 'ครูที่ปรึกษา คนที่ 19', 'ตำแหน่ง/สังกัด (จำลอง)', NULL, 1, 1, 'normal', 18),
(1487, 77, 'ครูที่ปรึกษา คนที่ 20', 'ตำแหน่ง/สังกัด (จำลอง)', NULL, 1, 1, 'normal', 19),
(1488, 78, 'ครูที่ปรึกษา คนที่ 1', 'ตำแหน่ง/สังกัด (จำลอง)', NULL, 1, 1, 'normal', 0),
(1489, 78, 'ครูที่ปรึกษา คนที่ 2', 'ตำแหน่ง/สังกัด (จำลอง)', NULL, 1, 1, 'normal', 1),
(1490, 78, 'ครูที่ปรึกษา คนที่ 3', 'ตำแหน่ง/สังกัด (จำลอง)', NULL, 1, 1, 'normal', 2),
(1491, 78, 'ครูที่ปรึกษา คนที่ 4', 'ตำแหน่ง/สังกัด (จำลอง)', NULL, 1, 1, 'normal', 3),
(1492, 78, 'ครูที่ปรึกษา คนที่ 5', 'ตำแหน่ง/สังกัด (จำลอง)', NULL, 1, 1, 'normal', 4),
(1493, 78, 'ครูที่ปรึกษา คนที่ 6', 'ตำแหน่ง/สังกัด (จำลอง)', NULL, 1, 1, 'normal', 5),
(1494, 78, 'ครูที่ปรึกษา คนที่ 7', 'ตำแหน่ง/สังกัด (จำลอง)', NULL, 1, 1, 'normal', 6),
(1495, 78, 'ครูที่ปรึกษา คนที่ 8', 'ตำแหน่ง/สังกัด (จำลอง)', NULL, 1, 1, 'normal', 7),
(1496, 78, 'ครูที่ปรึกษา คนที่ 9', 'ตำแหน่ง/สังกัด (จำลอง)', NULL, 1, 1, 'normal', 8),
(1497, 78, 'ครูที่ปรึกษา คนที่ 10', 'ตำแหน่ง/สังกัด (จำลอง)', NULL, 1, 1, 'normal', 9),
(1498, 78, 'ครูที่ปรึกษา คนที่ 11', 'ตำแหน่ง/สังกัด (จำลอง)', NULL, 1, 1, 'normal', 10),
(1499, 78, 'ครูที่ปรึกษา คนที่ 12', 'ตำแหน่ง/สังกัด (จำลอง)', NULL, 1, 1, 'normal', 11),
(1500, 78, 'ครูที่ปรึกษา คนที่ 13', 'ตำแหน่ง/สังกัด (จำลอง)', NULL, 1, 1, 'normal', 12),
(1501, 78, 'ครูที่ปรึกษา คนที่ 14', 'ตำแหน่ง/สังกัด (จำลอง)', NULL, 1, 1, 'normal', 13),
(1502, 78, 'ครูที่ปรึกษา คนที่ 15', 'ตำแหน่ง/สังกัด (จำลอง)', NULL, 1, 1, 'normal', 14),
(1503, 78, 'ครูที่ปรึกษา คนที่ 16', 'ตำแหน่ง/สังกัด (จำลอง)', NULL, 1, 1, 'normal', 15),
(1504, 78, 'ครูที่ปรึกษา คนที่ 17', 'ตำแหน่ง/สังกัด (จำลอง)', NULL, 1, 1, 'normal', 16),
(1505, 78, 'ครูที่ปรึกษา คนที่ 18', 'ตำแหน่ง/สังกัด (จำลอง)', NULL, 1, 1, 'normal', 17),
(1506, 78, 'ครูที่ปรึกษา คนที่ 19', 'ตำแหน่ง/สังกัด (จำลอง)', NULL, 1, 1, 'normal', 18),
(1507, 78, 'ครูที่ปรึกษา คนที่ 20', 'ตำแหน่ง/สังกัด (จำลอง)', NULL, 1, 1, 'normal', 19),
(1508, 79, 'ครูที่ปรึกษา คนที่ 1', 'ตำแหน่ง/สังกัด (จำลอง)', NULL, 1, 1, 'normal', 0),
(1509, 79, 'ครูที่ปรึกษา คนที่ 2', 'ตำแหน่ง/สังกัด (จำลอง)', NULL, 1, 1, 'normal', 1),
(1510, 79, 'ครูที่ปรึกษา คนที่ 3', 'ตำแหน่ง/สังกัด (จำลอง)', NULL, 1, 1, 'normal', 2),
(1511, 79, 'ครูที่ปรึกษา คนที่ 4', 'ตำแหน่ง/สังกัด (จำลอง)', NULL, 1, 1, 'normal', 3),
(1512, 79, 'ครูที่ปรึกษา คนที่ 5', 'ตำแหน่ง/สังกัด (จำลอง)', NULL, 1, 1, 'normal', 4),
(1513, 79, 'ครูที่ปรึกษา คนที่ 6', 'ตำแหน่ง/สังกัด (จำลอง)', NULL, 1, 1, 'normal', 5),
(1514, 79, 'ครูที่ปรึกษา คนที่ 7', 'ตำแหน่ง/สังกัด (จำลอง)', NULL, 1, 1, 'normal', 6),
(1515, 79, 'ครูที่ปรึกษา คนที่ 8', 'ตำแหน่ง/สังกัด (จำลอง)', NULL, 1, 1, 'normal', 7),
(1516, 79, 'ครูที่ปรึกษา คนที่ 9', 'ตำแหน่ง/สังกัด (จำลอง)', NULL, 1, 1, 'normal', 8),
(1517, 79, 'ครูที่ปรึกษา คนที่ 10', 'ตำแหน่ง/สังกัด (จำลอง)', NULL, 1, 1, 'normal', 9),
(1518, 79, 'ครูที่ปรึกษา คนที่ 11', 'ตำแหน่ง/สังกัด (จำลอง)', NULL, 1, 1, 'normal', 10),
(1519, 79, 'ครูที่ปรึกษา คนที่ 12', 'ตำแหน่ง/สังกัด (จำลอง)', NULL, 1, 1, 'normal', 11),
(1520, 79, 'ครูที่ปรึกษา คนที่ 13', 'ตำแหน่ง/สังกัด (จำลอง)', NULL, 1, 1, 'normal', 12),
(1521, 79, 'ครูที่ปรึกษา คนที่ 14', 'ตำแหน่ง/สังกัด (จำลอง)', NULL, 1, 1, 'normal', 13),
(1522, 79, 'ครูที่ปรึกษา คนที่ 15', 'ตำแหน่ง/สังกัด (จำลอง)', NULL, 1, 1, 'normal', 14),
(1523, 79, 'ครูที่ปรึกษา คนที่ 16', 'ตำแหน่ง/สังกัด (จำลอง)', NULL, 1, 1, 'normal', 15),
(1524, 79, 'ครูที่ปรึกษา คนที่ 17', 'ตำแหน่ง/สังกัด (จำลอง)', NULL, 1, 1, 'normal', 16),
(1525, 79, 'ครูที่ปรึกษา คนที่ 18', 'ตำแหน่ง/สังกัด (จำลอง)', NULL, 1, 1, 'normal', 17),
(1526, 79, 'ครูที่ปรึกษา คนที่ 19', 'ตำแหน่ง/สังกัด (จำลอง)', NULL, 1, 1, 'normal', 18),
(1527, 79, 'ครูที่ปรึกษา คนที่ 20', 'ตำแหน่ง/สังกัด (จำลอง)', NULL, 1, 1, 'normal', 19),
(1528, 80, 'ครูที่ปรึกษา คนที่ 1', 'ตำแหน่ง/สังกัด (จำลอง)', NULL, 1, 1, 'normal', 0),
(1529, 80, 'ครูที่ปรึกษา คนที่ 2', 'ตำแหน่ง/สังกัด (จำลอง)', NULL, 1, 1, 'normal', 1),
(1530, 80, 'ครูที่ปรึกษา คนที่ 3', 'ตำแหน่ง/สังกัด (จำลอง)', NULL, 1, 1, 'normal', 2),
(1531, 80, 'ครูที่ปรึกษา คนที่ 4', 'ตำแหน่ง/สังกัด (จำลอง)', NULL, 1, 1, 'normal', 3),
(1532, 80, 'ครูที่ปรึกษา คนที่ 5', 'ตำแหน่ง/สังกัด (จำลอง)', NULL, 1, 1, 'normal', 4),
(1533, 80, 'ครูที่ปรึกษา คนที่ 6', 'ตำแหน่ง/สังกัด (จำลอง)', NULL, 1, 1, 'normal', 5),
(1534, 80, 'ครูที่ปรึกษา คนที่ 7', 'ตำแหน่ง/สังกัด (จำลอง)', NULL, 1, 1, 'normal', 6),
(1535, 80, 'ครูที่ปรึกษา คนที่ 8', 'ตำแหน่ง/สังกัด (จำลอง)', NULL, 1, 1, 'normal', 7),
(1536, 80, 'ครูที่ปรึกษา คนที่ 9', 'ตำแหน่ง/สังกัด (จำลอง)', NULL, 1, 1, 'normal', 8),
(1537, 80, 'ครูที่ปรึกษา คนที่ 10', 'ตำแหน่ง/สังกัด (จำลอง)', NULL, 1, 1, 'normal', 9),
(1538, 80, 'ครูที่ปรึกษา คนที่ 11', 'ตำแหน่ง/สังกัด (จำลอง)', NULL, 1, 1, 'normal', 10),
(1539, 80, 'ครูที่ปรึกษา คนที่ 12', 'ตำแหน่ง/สังกัด (จำลอง)', NULL, 1, 1, 'normal', 11),
(1540, 80, 'ครูที่ปรึกษา คนที่ 13', 'ตำแหน่ง/สังกัด (จำลอง)', NULL, 1, 1, 'normal', 12),
(1541, 80, 'ครูที่ปรึกษา คนที่ 14', 'ตำแหน่ง/สังกัด (จำลอง)', NULL, 1, 1, 'normal', 13),
(1542, 80, 'ครูที่ปรึกษา คนที่ 15', 'ตำแหน่ง/สังกัด (จำลอง)', NULL, 1, 1, 'normal', 14),
(1543, 80, 'ครูที่ปรึกษา คนที่ 16', 'ตำแหน่ง/สังกัด (จำลอง)', NULL, 1, 1, 'normal', 15),
(1544, 80, 'ครูที่ปรึกษา คนที่ 17', 'ตำแหน่ง/สังกัด (จำลอง)', NULL, 1, 1, 'normal', 16),
(1545, 80, 'ครูที่ปรึกษา คนที่ 18', 'ตำแหน่ง/สังกัด (จำลอง)', NULL, 1, 1, 'normal', 17),
(1546, 80, 'ครูที่ปรึกษา คนที่ 19', 'ตำแหน่ง/สังกัด (จำลอง)', NULL, 1, 1, 'normal', 18),
(1547, 80, 'ครูที่ปรึกษา คนที่ 20', 'ตำแหน่ง/สังกัด (จำลอง)', NULL, 1, 1, 'normal', 19),
(1548, 81, 'สื่อมวลชน คนที่ 1', 'ตำแหน่ง/สังกัด (จำลอง)', NULL, 1, 1, 'normal', 0),
(1549, 81, 'สื่อมวลชน คนที่ 2', 'ตำแหน่ง/สังกัด (จำลอง)', NULL, 1, 1, 'normal', 1),
(1550, 81, 'สื่อมวลชน คนที่ 3', 'ตำแหน่ง/สังกัด (จำลอง)', NULL, 1, 1, 'normal', 2),
(1551, 81, 'สื่อมวลชน คนที่ 4', 'ตำแหน่ง/สังกัด (จำลอง)', NULL, 1, 1, 'normal', 3),
(1552, 81, 'สื่อมวลชน คนที่ 5', 'ตำแหน่ง/สังกัด (จำลอง)', NULL, 1, 1, 'normal', 4),
(1553, 81, 'สื่อมวลชน คนที่ 6', 'ตำแหน่ง/สังกัด (จำลอง)', NULL, 1, 1, 'normal', 5),
(1554, 81, 'สื่อมวลชน คนที่ 7', 'ตำแหน่ง/สังกัด (จำลอง)', NULL, 1, 1, 'normal', 6),
(1555, 81, 'สื่อมวลชน คนที่ 8', 'ตำแหน่ง/สังกัด (จำลอง)', NULL, 1, 1, 'normal', 7),
(1556, 81, 'สื่อมวลชน คนที่ 9', 'ตำแหน่ง/สังกัด (จำลอง)', NULL, 1, 1, 'normal', 8),
(1557, 81, 'สื่อมวลชน คนที่ 10', 'ตำแหน่ง/สังกัด (จำลอง)', NULL, 1, 1, 'normal', 9),
(1558, 81, 'สื่อมวลชน คนที่ 11', 'ตำแหน่ง/สังกัด (จำลอง)', NULL, 1, 1, 'normal', 10),
(1559, 81, 'สื่อมวลชน คนที่ 12', 'ตำแหน่ง/สังกัด (จำลอง)', NULL, 1, 1, 'normal', 11),
(1560, 81, 'สื่อมวลชน คนที่ 13', 'ตำแหน่ง/สังกัด (จำลอง)', NULL, 1, 1, 'normal', 12),
(1561, 81, 'สื่อมวลชน คนที่ 14', 'ตำแหน่ง/สังกัด (จำลอง)', NULL, 1, 1, 'normal', 13),
(1562, 81, 'สื่อมวลชน คนที่ 15', 'ตำแหน่ง/สังกัด (จำลอง)', NULL, 1, 1, 'normal', 14),
(1563, 81, 'สื่อมวลชน คนที่ 16', 'ตำแหน่ง/สังกัด (จำลอง)', NULL, 1, 1, 'normal', 15),
(1564, 81, 'สื่อมวลชน คนที่ 17', 'ตำแหน่ง/สังกัด (จำลอง)', NULL, 1, 1, 'normal', 16),
(1565, 81, 'สื่อมวลชน คนที่ 18', 'ตำแหน่ง/สังกัด (จำลอง)', NULL, 1, 1, 'normal', 17),
(1566, 81, 'สื่อมวลชน คนที่ 19', 'ตำแหน่ง/สังกัด (จำลอง)', NULL, 1, 1, 'normal', 18),
(1567, 81, 'สื่อมวลชน คนที่ 20', 'ตำแหน่ง/สังกัด (จำลอง)', NULL, 1, 1, 'normal', 19),
(1568, 82, 'สื่อมวลชน คนที่ 1', 'ตำแหน่ง/สังกัด (จำลอง)', NULL, 1, 1, 'normal', 0),
(1569, 82, 'สื่อมวลชน คนที่ 2', 'ตำแหน่ง/สังกัด (จำลอง)', NULL, 1, 1, 'normal', 1),
(1570, 82, 'สื่อมวลชน คนที่ 3', 'ตำแหน่ง/สังกัด (จำลอง)', NULL, 1, 1, 'normal', 2),
(1571, 82, 'สื่อมวลชน คนที่ 4', 'ตำแหน่ง/สังกัด (จำลอง)', NULL, 1, 1, 'normal', 3),
(1572, 82, 'สื่อมวลชน คนที่ 5', 'ตำแหน่ง/สังกัด (จำลอง)', NULL, 1, 1, 'normal', 4),
(1573, 82, 'สื่อมวลชน คนที่ 6', 'ตำแหน่ง/สังกัด (จำลอง)', NULL, 1, 1, 'normal', 5),
(1574, 82, 'สื่อมวลชน คนที่ 7', 'ตำแหน่ง/สังกัด (จำลอง)', NULL, 1, 1, 'normal', 6),
(1575, 82, 'สื่อมวลชน คนที่ 8', 'ตำแหน่ง/สังกัด (จำลอง)', NULL, 1, 1, 'normal', 7),
(1576, 82, 'สื่อมวลชน คนที่ 9', 'ตำแหน่ง/สังกัด (จำลอง)', NULL, 1, 1, 'normal', 8),
(1577, 82, 'สื่อมวลชน คนที่ 10', 'ตำแหน่ง/สังกัด (จำลอง)', NULL, 1, 1, 'normal', 9),
(1578, 82, 'สื่อมวลชน คนที่ 11', 'ตำแหน่ง/สังกัด (จำลอง)', NULL, 1, 1, 'normal', 10),
(1579, 82, 'สื่อมวลชน คนที่ 12', 'ตำแหน่ง/สังกัด (จำลอง)', NULL, 1, 1, 'normal', 11),
(1580, 82, 'สื่อมวลชน คนที่ 13', 'ตำแหน่ง/สังกัด (จำลอง)', NULL, 1, 1, 'normal', 12),
(1581, 82, 'สื่อมวลชน คนที่ 14', 'ตำแหน่ง/สังกัด (จำลอง)', NULL, 1, 1, 'normal', 13),
(1582, 82, 'สื่อมวลชน คนที่ 15', 'ตำแหน่ง/สังกัด (จำลอง)', NULL, 1, 1, 'normal', 14),
(1583, 82, 'สื่อมวลชน คนที่ 16', 'ตำแหน่ง/สังกัด (จำลอง)', NULL, 1, 1, 'normal', 15),
(1584, 82, 'สื่อมวลชน คนที่ 17', 'ตำแหน่ง/สังกัด (จำลอง)', NULL, 1, 1, 'normal', 16),
(1585, 82, 'สื่อมวลชน คนที่ 18', 'ตำแหน่ง/สังกัด (จำลอง)', NULL, 1, 1, 'normal', 17),
(1586, 82, 'สื่อมวลชน คนที่ 19', 'ตำแหน่ง/สังกัด (จำลอง)', NULL, 1, 1, 'normal', 18),
(1587, 82, 'สื่อมวลชน คนที่ 20', 'ตำแหน่ง/สังกัด (จำลอง)', NULL, 1, 1, 'normal', 19),
(1588, 66, 'นางเบญจวรรณ ปกป้อง', 'ผู้อำนวยการสำนักอำนวยการ', '13/img_6979fcbee6457.png', 1, 1, 'normal', 17),
(1589, 66, 'นายราตรีสวัสดิ์ ธนานันต์', 'ที่ปรึกษาด้านมาตรฐานอาชีวศึกษาช่างอุตสาหกรรม', '13/img_6979fe93bdd1e.png', 1, 1, 'normal', 1),
(1590, 66, 'ดร.บัญชาลักษณ์ ลือสวัสดิ์', 'ที่ปรึกษาด้านมาตรฐานอาชีวศึกษาธุรกิจและบริการ', '13/img_6979fdbc861d1.png', 1, 1, 'normal', 2),
(1591, 66, 'ผู้แทน', 'ผู้อำนวยการสำนักพัฒนาสมรรถนะครูและบุคลากรอาชีวศึกษา', NULL, 1, 1, 'normal', 0),
(1592, 66, 'นายทวีศักดิ์ คิ้วทอง', 'ผู้อำนวยการสำนักติดตามและประเมิลผลการอาชีวศึกษา', '13/img_6979fd323f2b0.png', 1, 1, 'normal', 18),
(1594, 66, 'นางสาวรุ่งนภา ปุณยานุเดช', 'ผู้อำนวยการวิทยาลัยพณิชยการบางนา', '13/img_6979ff90080c5.png', 1, 1, 'normal', 19),
(1595, 70, 'นางดวงกมล สุนทรพินิจ', 'รองผู้อำนวยการวิทยาลัยเทคนิค กาญจนาภิเษกอุดรธานี', NULL, 1, 1, 'normal', 3),
(1596, 70, 'นายอำนาจ พงษ์ษา', 'รองผู้อำนวยการวิทยาลัยเทคนิคพิมาย', NULL, 1, 1, 'normal', 4),
(1597, 70, 'นายไชย์ปัญญา  ทองอินทร์', 'รองผู้อำนวยการวิทยาลัยการอาชีพ เวียงสา', NULL, 1, 1, 'normal', 5),
(1598, 70, 'นางสาวลัลน์ลลิต  ปรีชาจารย์', 'รองผู้อำนวยการวิทยาลัยเทคนิคตราด', NULL, 1, 1, 'normal', 6),
(1599, 71, 'คณะกรรมการตัดสินให้คะแนน', 'ประเภทที่ ๑', NULL, 1, 1, 'normal', 7),
(1600, 71, 'คณะกรรมการตัดสินให้คะแนน', 'ประเภทที่ ๑', NULL, 1, 1, 'normal', 8),
(1601, 71, 'คณะกรรมการตัดสินให้คะแนน', 'ประเภทที่ ๒', NULL, 1, 1, 'normal', 12),
(1602, 71, 'คณะกรรมการตัดสินให้คะแนน', 'ประเภทที่ ๒', NULL, 1, 1, 'normal', 13),
(1603, 71, 'คณะกรรมการตัดสินให้คะแนน', 'ประเภทที่ ๓', NULL, 1, 1, 'normal', 17),
(1604, 71, 'คณะกรรมการตัดสินให้คะแนน', 'ประเภทที่ ๓', NULL, 1, 1, 'normal', 18),
(1606, 72, 'คณะกรรมการตัดสินให้คะแนน ประเภทที่ ๔', 'ประเภทที่ ๔', NULL, 1, 1, 'normal', 16),
(1607, 72, 'คณะกรรมการตัดสินให้คะแนน', 'ประเภทที่ ๔', NULL, 1, 1, 'normal', 17),
(1608, 72, 'ที่นั่งเสริม', 'รอระบุ', NULL, 1, 1, 'normal', 28);

-- --------------------------------------------------------

--
-- Table structure for table `plans`
--

CREATE TABLE `plans` (
  `id` int(11) NOT NULL,
  `created_by` int(11) DEFAULT NULL,
  `name` varchar(255) NOT NULL,
  `total_capacity` int(11) DEFAULT 0,
  `seats_per_row` int(11) DEFAULT 40,
  `created_at` timestamp NULL DEFAULT current_timestamp(),
  `is_active` tinyint(1) DEFAULT 1,
  `plan_date` date DEFAULT NULL,
  `is_deleted` tinyint(1) DEFAULT 0
) ENGINE=InnoDB DEFAULT CHARSET=utf8mb4 COLLATE=utf8mb4_thai_520_w2;

--
-- Dumping data for table `plans`
--

INSERT INTO `plans` (`id`, `created_by`, `name`, `total_capacity`, `seats_per_row`, `created_at`, `is_active`, `plan_date`, `is_deleted`) VALUES
(5, 4, 'พิธีเปิดงานมหกรรมสิ่งประดิษฐ์คนรุ่นใหม่ ปีการศึกษา 2568 V.1', 0, 40, '2026-01-15 15:50:43', 0, '2026-01-29', 0),
(10, 4, 'พิธีปิดงาน', 0, 24, '2026-01-21 03:22:32', 0, NULL, 0),
(11, 3, 'พิธีเปิดงานมหกรรมสิ่งประดิษฐ์คนรุ่นใหม่ ปีการศึกษา 2568 V.2', 0, 30, '2026-01-26 15:37:30', 0, NULL, 0),
(12, 3, 'พิธีเปิดงานมหกรรมสิ่งประดิษฐ์คนรุ่นใหม่ ปีการศึกษา 2568 V.3', 30, 24, '2026-01-27 07:56:01', 0, NULL, 0),
(13, 3, 'พิธีเปิดงานมหกรรมสิ่งประดิษฐ์คนรุ่นใหม่ ปีการศึกษา 2568 V.4', 0, 20, '2026-01-28 06:13:17', 1, NULL, 0);

-- --------------------------------------------------------

--
-- Table structure for table `plan_groups`
--

CREATE TABLE `plan_groups` (
  `id` int(11) NOT NULL,
  `plan_id` int(11) NOT NULL,
  `zone_type` enum('exec','part') NOT NULL,
  `name` varchar(255) NOT NULL,
  `seat_type` varchar(50) DEFAULT 'chair',
  `row_count` int(11) DEFAULT 1,
  `seats_in_row` int(11) DEFAULT 0,
  `member_count` int(11) DEFAULT 1,
  `quantity` int(11) DEFAULT 0,
  `sort_order` int(11) DEFAULT 0
) ENGINE=InnoDB DEFAULT CHARSET=utf8mb4 COLLATE=utf8mb4_thai_520_w2;

--
-- Dumping data for table `plan_groups`
--

INSERT INTO `plan_groups` (`id`, `plan_id`, `zone_type`, `name`, `seat_type`, `row_count`, `seats_in_row`, `member_count`, `quantity`, `sort_order`) VALUES
(25, 5, 'exec', 'A', 'sofa', 1, 22, 1, 22, 1),
(26, 5, 'exec', 'B', 'chair', 1, 24, 1, 24, 2),
(27, 5, 'exec', 'C', 'chair', 1, 24, 1, 24, 3),
(28, 5, 'exec', 'D', 'chair', 1, 24, 1, 24, 4),
(29, 5, 'part', 'E', 'chair', 1, 24, 1, 24, 1),
(30, 5, 'part', 'F', 'chair', 1, 24, 1, 24, 2),
(39, 10, 'exec', 'ผู้บริหารระดับสูง', 'sofa', 1, 24, 1, 0, 1),
(40, 10, 'exec', 'ผู้อำนวยการ', 'sofa', 1, 24, 1, 0, 2),
(41, 10, 'part', 'ผู้เข้าร่วมงาน 1', 'chair', 1, 0, 1, 24, 1),
(42, 10, 'part', 'ผู้เข้าร่วมงาน 1', 'chair', 1, 0, 1, 24, 2),
(43, 11, 'exec', 'VVIP', 'sofa', 1, 22, 1, 22, 1),
(44, 11, 'exec', 'โล่รางวัลเป็นผู้ทำคุณูปการให้การสนับสนุนกิจกรรม', 'sofa', 1, 22, 1, 22, 2),
(45, 11, 'exec', 'สถานประกอบการ', 'sofa', 1, 22, 1, 22, 3),
(46, 11, 'part', 'A', 'chair', 1, 22, 1, 22, 1),
(47, 12, 'exec', 'VVIP', 'sofa', 1, 20, 1, 0, 1),
(48, 12, 'exec', 'VIP-รับโล่รางวัล1', 'chair', 1, 24, 1, 0, 2),
(49, 12, 'exec', 'VIP-รับโล่รางวัล2', 'chair', 1, 24, 1, 0, 3),
(50, 12, 'part', 'A', 'chair', 1, 0, 1, 24, 1),
(51, 12, 'part', 'B', 'chair', 1, 0, 1, 24, 2),
(52, 12, 'part', 'C', 'chair', 1, 0, 1, 24, 3),
(53, 12, 'part', 'D', 'chair', 1, 0, 1, 24, 4),
(54, 12, 'part', 'E', 'chair', 1, 0, 1, 24, 5),
(55, 12, 'part', 'F', 'chair', 1, 0, 1, 24, 6),
(56, 12, 'part', 'G', 'chair', 1, 0, 1, 24, 7),
(57, 12, 'part', 'H', 'chair', 1, 0, 1, 24, 8),
(58, 12, 'part', 'I', 'chair', 1, 0, 1, 24, 9),
(59, 12, 'part', 'J', 'chair', 1, 0, 1, 24, 10),
(60, 12, 'part', 'K', 'chair', 1, 0, 1, 24, 11),
(61, 12, 'part', 'L', 'chair', 1, 0, 1, 24, 12),
(62, 12, 'part', 'M', 'chair', 1, 0, 1, 24, 13),
(63, 12, 'part', 'N', 'chair', 1, 0, 1, 24, 14),
(64, 12, 'part', 'O', 'chair', 1, 0, 1, 24, 15),
(65, 12, 'part', 'P', 'chair', 1, 0, 1, 24, 16),
(66, 13, 'exec', 'VVIP', 'sofa', 1, 20, 1, 20, 1),
(67, 13, 'part', 'รับโล่รางวัล 1', 'chair', 1, 20, 1, 20, 1),
(68, 13, 'part', 'รับโล่รางวัล 2', 'chair', 1, 20, 1, 20, 2),
(69, 13, 'part', 'คณะกรรมการผู้ทรงคุณวุฒิ และ คณะกรรมการคัดเลือกทรัพย์สินทางปัญญา', 'chair', 1, 20, 1, 20, 3),
(70, 13, 'part', 'คณะกรรมการขับเคลื่อนนวัตกรรมและเทคโนโลยีสิ่งประดิษฐ์อาชีวศึกษา ระดับชาติ', 'chair', 1, 20, 1, 20, 4),
(71, 13, 'part', 'คณะกรรมการขับเคลื่อนนวัตกรรมและเทคโนโลยีสิ่งประดิษฐ์อาชีวศึกษา ระดับชาติ และ คณะกรรมการตัดสินให้คะแนน', 'chair', 1, 20, 1, 20, 5),
(72, 13, 'part', 'คณะกรรมการตัดสินให้คะแนน', 'chair', 1, 20, 1, 20, 6),
(73, 13, 'part', 'ผอ. ลงทะเบียน', 'chair', 1, 20, 1, 20, 7),
(74, 13, 'part', 'ผอ. ลงทะเบียน', 'chair', 1, 20, 1, 20, 8),
(75, 13, 'part', 'ผอ. ผู้บริหาร เพิ่มเติม', 'chair', 1, 20, 1, 20, 9),
(76, 13, 'part', 'ผอ. ผู้บริหาร เพิ่มเติม', 'chair', 1, 20, 1, 20, 10),
(77, 13, 'part', 'ครูที่ปรึกษา', 'chair', 1, 20, 1, 20, 11),
(78, 13, 'part', 'ครูที่ปรึกษา', 'chair', 1, 20, 1, 20, 12),
(79, 13, 'part', 'ครูที่ปรึกษา', 'chair', 1, 20, 1, 20, 13),
(80, 13, 'part', 'ครูที่ปรึกษา', 'chair', 1, 20, 1, 20, 14),
(81, 13, 'part', 'สื่อมวลชน', 'chair', 1, 20, 1, 20, 15),
(82, 13, 'part', 'สื่อมวลชน', 'chair', 1, 20, 1, 20, 16);

-- --------------------------------------------------------

--
-- Table structure for table `users`
--

CREATE TABLE `users` (
  `id` int(11) NOT NULL,
  `username` varchar(50) NOT NULL,
  `password` varchar(255) DEFAULT NULL,
  `role` enum('admin','user') NOT NULL DEFAULT 'user',
  `created_at` timestamp NULL DEFAULT current_timestamp(),
  `is_active` tinyint(1) DEFAULT 1
) ENGINE=InnoDB DEFAULT CHARSET=utf8mb4 COLLATE=utf8mb4_thai_520_w2;

--
-- Dumping data for table `users`
--

INSERT INTO `users` (`id`, `username`, `password`, `role`, `created_at`, `is_active`) VALUES
(3, 'admin', '$2y$10$hNSB0JsUbce2Gu0e6phh1uuqPpc3sh.MC3DK662rBcm1gmDFQ5VeW', 'admin', '2026-01-17 02:44:32', 1),
(4, 'yupa', '$2y$10$qq3ERed0h6WpRTgsFMt2Te.yOGstGa.r86KrEUjd9owSTLS68N4qq', 'user', '2026-01-17 15:59:40', 1);

--
-- Indexes for dumped tables
--

--
-- Indexes for table `guests`
--
ALTER TABLE `guests`
  ADD PRIMARY KEY (`id`),
  ADD KEY `group_id` (`group_id`);

--
-- Indexes for table `plans`
--
ALTER TABLE `plans`
  ADD PRIMARY KEY (`id`);

--
-- Indexes for table `plan_groups`
--
ALTER TABLE `plan_groups`
  ADD PRIMARY KEY (`id`),
  ADD KEY `plan_id` (`plan_id`);

--
-- Indexes for table `users`
--
ALTER TABLE `users`
  ADD PRIMARY KEY (`id`),
  ADD UNIQUE KEY `username` (`username`);

--
-- AUTO_INCREMENT for dumped tables
--

--
-- AUTO_INCREMENT for table `guests`
--
ALTER TABLE `guests`
  MODIFY `id` int(11) NOT NULL AUTO_INCREMENT, AUTO_INCREMENT=1609;

--
-- AUTO_INCREMENT for table `plans`
--
ALTER TABLE `plans`
  MODIFY `id` int(11) NOT NULL AUTO_INCREMENT, AUTO_INCREMENT=14;

--
-- AUTO_INCREMENT for table `plan_groups`
--
ALTER TABLE `plan_groups`
  MODIFY `id` int(11) NOT NULL AUTO_INCREMENT, AUTO_INCREMENT=83;

--
-- AUTO_INCREMENT for table `users`
--
ALTER TABLE `users`
  MODIFY `id` int(11) NOT NULL AUTO_INCREMENT, AUTO_INCREMENT=5;

--
-- Constraints for dumped tables
--

--
-- Constraints for table `guests`
--
ALTER TABLE `guests`
  ADD CONSTRAINT `1` FOREIGN KEY (`group_id`) REFERENCES `plan_groups` (`id`) ON DELETE CASCADE;
COMMIT;

/*!40101 SET CHARACTER_SET_CLIENT=@OLD_CHARACTER_SET_CLIENT */;
/*!40101 SET CHARACTER_SET_RESULTS=@OLD_CHARACTER_SET_RESULTS */;
/*!40101 SET COLLATION_CONNECTION=@OLD_COLLATION_CONNECTION */;
