-- phpMyAdmin SQL Dump
-- version 5.2.3
-- https://www.phpmyadmin.net/
--
-- Host: localhost
-- Generation Time: Jan 27, 2026 at 07:36 AM
-- Server version: 10.11.13-MariaDB-0ubuntu0.24.04.1
-- PHP Version: 8.3.27

SET SQL_MODE = "NO_AUTO_VALUE_ON_ZERO";
START TRANSACTION;
SET time_zone = "+00:00";


/*!40101 SET @OLD_CHARACTER_SET_CLIENT=@@CHARACTER_SET_CLIENT */;
/*!40101 SET @OLD_CHARACTER_SET_RESULTS=@@CHARACTER_SET_RESULTS */;
/*!40101 SET @OLD_COLLATION_CONNECTION=@@COLLATION_CONNECTION */;
/*!40101 SET NAMES utf8mb4 */;

--
-- Database: `apps_seating_db`
--

-- --------------------------------------------------------

--
-- Table structure for table `guests`
--

CREATE TABLE `guests` (
  `id` int(11) NOT NULL,
  `group_id` int(11) NOT NULL,
  `name` varchar(255) DEFAULT NULL,
  `role` varchar(255) DEFAULT NULL,
  `image_path` varchar(255) DEFAULT NULL,
  `row_no` int(11) DEFAULT 1,
  `col_no` int(11) DEFAULT 1,
  `status` enum('normal','empty','reserved') DEFAULT 'normal',
  `sort_order` int(11) DEFAULT 0
) ENGINE=InnoDB DEFAULT CHARSET=utf8mb4 COLLATE=utf8mb4_thai_520_w2;

--
-- Dumping data for table `guests`
--

INSERT INTO `guests` (`id`, `group_id`, `name`, `role`, `image_path`, `row_no`, `col_no`, `status`, `sort_order`) VALUES
(124, 25, 'ศาสตราจารย์ ดร.นฤมล ภิญโญสินวัฒน์', 'รัฐมนตรีว่าการกระทรวงศึกษาธิการ', '5/img_696ded3be723c.png', 1, 1, 'normal', 7),
(125, 25, 'นายเอกวิทย์ มีเพียร', 'ผู้ว่าราชการจังหวัดปทุมธานี', NULL, 1, 1, 'normal', 4),
(126, 25, 'ดร.ธิติมา โรจน์วัชราภิบาล', 'ผู้อำนวยการสำนักพัฒนาสมรรถนะครูและบุคลากรอาชีวศึกษา', NULL, 1, 1, 'normal', 12),
(127, 25, 'นายณรงค์ชัย เจริญรุจิทรัพย์', 'รองเลขาธิการคณะกรรมการการอาชีวศึกษา', '5/img_696de92751573.jpg', 1, 1, 'normal', 5),
(128, 25, 'นายสง่า แต่เชื้อสาย', 'รองเลขาธิการคณะกรรมการการอาชีวศึกษา', '5/img_696de87add8cb.png', 1, 1, 'normal', 6),
(129, 25, 'นายธนภัทร แสงจันทร์', 'ผู้อำนวยการสำนักความร่วมมือ', NULL, 1, 1, 'normal', 11),
(130, 25, 'นางเบญจวรรณ ปกป้องงง', 'ผู้อำนวยการสำนักอำนวยการ', NULL, 1, 1, 'normal', 1),
(131, 25, 'นายยศพล เวณุโกเศศ', 'เลขาธิการคณะกรรมการการอาชีวศึกษา', '5/img_696de79f578f7.jpg', 1, 1, 'normal', 8),
(132, 25, 'นายอัศวิน ข่มอาวุธ', 'ผู้อำนวยการสำนักมาตรฐานการอาชีวศึกษาและวิชาชีพ', NULL, 1, 1, 'normal', 3),
(133, 25, 'ดร.บัณฑิต ออกแมน', 'ผู้อำนวยการสำนักนโยบายและแผนการอาชีวศึกษา', NULL, 1, 1, 'normal', 2),
(134, 25, 'นายวิทวัต ปัญจมะวัต', 'รองเลขาธิการคณะกรรมการการอาชีวศึกษา', '5/img_696de81abb3f6.png', 1, 1, 'normal', 9),
(135, 25, 'นายภูวดล มิ่งขวัญ', 'ผู้อำนวยการสำนักวิจัยและพัฒนาการอาชีวศึกษา', '5/img_696de9876d798.png', 1, 1, 'normal', 10),
(136, 26, 'B คนที่ 1', 'ตำแหน่ง/สังกัด (จำลอง)', NULL, 1, 1, 'normal', 0),
(137, 26, 'B คนที่ 2', 'ตำแหน่ง/สังกัด (จำลอง)', NULL, 1, 1, 'normal', 2),
(138, 26, 'B คนที่ 3', 'ตำแหน่ง/สังกัด (จำลอง)', NULL, 1, 1, 'normal', 3),
(139, 26, 'B คนที่ 4', 'ตำแหน่ง/สังกัด (จำลอง)', NULL, 1, 1, 'normal', 1),
(140, 26, 'B คนที่ 5', 'ตำแหน่ง/สังกัด (จำลอง)', NULL, 1, 1, 'normal', 4),
(141, 26, 'B คนที่ 6', 'ตำแหน่ง/สังกัด (จำลอง)', NULL, 1, 1, 'normal', 5),
(142, 26, 'B คนที่ 7', 'ตำแหน่ง/สังกัด (จำลอง)', NULL, 1, 1, 'normal', 6),
(143, 26, 'B คนที่ 8', 'ตำแหน่ง/สังกัด (จำลอง)', NULL, 1, 1, 'normal', 7),
(144, 26, 'B คนที่ 9', 'ตำแหน่ง/สังกัด (จำลอง)', NULL, 1, 1, 'normal', 8),
(145, 26, 'B คนที่ 10', 'ตำแหน่ง/สังกัด (จำลอง)', NULL, 1, 1, 'normal', 9),
(146, 26, 'B คนที่ 11', 'ตำแหน่ง/สังกัด (จำลอง)', NULL, 1, 1, 'normal', 10),
(147, 26, 'B คนที่ 12', 'ตำแหน่ง/สังกัด (จำลอง)', NULL, 1, 1, 'normal', 11),
(148, 26, 'B คนที่ 13', 'ตำแหน่ง/สังกัด (จำลอง)', NULL, 1, 1, 'normal', 12),
(149, 26, 'B คนที่ 14', 'ตำแหน่ง/สังกัด (จำลอง)', NULL, 1, 1, 'normal', 13),
(150, 26, 'B คนที่ 15', 'ตำแหน่ง/สังกัด (จำลอง)', NULL, 1, 1, 'normal', 14),
(151, 26, 'B คนที่ 16', 'ตำแหน่ง/สังกัด (จำลอง)', NULL, 1, 1, 'normal', 15),
(152, 27, 'C คนที่ 1', 'ตำแหน่ง/สังกัด (จำลอง)', NULL, 1, 1, 'normal', 0),
(153, 27, 'C คนที่ 2', 'ตำแหน่ง/สังกัด (จำลอง)', NULL, 1, 1, 'normal', 1),
(154, 27, 'C คนที่ 3', 'ตำแหน่ง/สังกัด (จำลอง)', NULL, 1, 1, 'normal', 3),
(155, 27, 'C คนที่ 4', 'ตำแหน่ง/สังกัด (จำลอง)', NULL, 1, 1, 'normal', 6),
(156, 27, 'C คนที่ 5', 'ตำแหน่ง/สังกัด (จำลอง)', NULL, 1, 1, 'normal', 7),
(157, 27, 'C คนที่ 6', 'ตำแหน่ง/สังกัด (จำลอง)', NULL, 1, 1, 'normal', 8),
(158, 27, 'C คนที่ 7', 'ตำแหน่ง/สังกัด (จำลอง)', NULL, 1, 1, 'normal', 12),
(159, 27, 'C คนที่ 8', 'ตำแหน่ง/สังกัด (จำลอง)', NULL, 1, 1, 'normal', 13),
(160, 27, 'C คนที่ 9', 'ตำแหน่ง/สังกัด (จำลอง)', NULL, 1, 1, 'normal', 14),
(161, 27, 'C คนที่ 10', 'ตำแหน่ง/สังกัด (จำลอง)', NULL, 1, 1, 'normal', 15),
(170, 28, 'D คนที่ 1', 'ตำแหน่ง/สังกัด (จำลอง)', NULL, 1, 1, 'normal', 0),
(171, 28, 'D คนที่ 2', 'ตำแหน่ง/สังกัด (จำลอง)', NULL, 1, 1, 'normal', 1),
(172, 28, 'D คนที่ 3', 'ตำแหน่ง/สังกัด (จำลอง)', NULL, 1, 1, 'normal', 2),
(173, 28, 'D คนที่ 4', 'ตำแหน่ง/สังกัด (จำลอง)', NULL, 1, 1, 'normal', 3),
(174, 28, 'D คนที่ 5', 'ตำแหน่ง/สังกัด (จำลอง)', NULL, 1, 1, 'normal', 4),
(175, 28, 'D คนที่ 6', 'ตำแหน่ง/สังกัด (จำลอง)', NULL, 1, 1, 'normal', 5),
(176, 28, 'D คนที่ 7', 'ตำแหน่ง/สังกัด (จำลอง)', NULL, 1, 1, 'normal', 6),
(177, 28, 'D คนที่ 8', 'ตำแหน่ง/สังกัด (จำลอง)', NULL, 1, 1, 'normal', 7),
(178, 28, 'D คนที่ 9', 'ตำแหน่ง/สังกัด (จำลอง)', NULL, 1, 1, 'normal', 10),
(179, 28, 'D คนที่ 10', 'ตำแหน่ง/สังกัด (จำลอง)', NULL, 1, 1, 'normal', 8),
(180, 28, 'D คนที่ 11', 'ตำแหน่ง/สังกัด (จำลอง)', NULL, 1, 1, 'normal', 9),
(181, 28, 'D คนที่ 12', 'ตำแหน่ง/สังกัด (จำลอง)', NULL, 1, 1, 'normal', 11),
(182, 28, 'D คนที่ 13', 'ตำแหน่ง/สังกัด (จำลอง)', NULL, 1, 1, 'normal', 12),
(183, 28, 'D คนที่ 14', 'ตำแหน่ง/สังกัด (จำลอง)', NULL, 1, 1, 'normal', 13),
(184, 28, 'D คนที่ 15', 'ตำแหน่ง/สังกัด (จำลอง)', NULL, 1, 1, 'normal', 14),
(185, 28, 'D คนที่ 16', 'ตำแหน่ง/สังกัด (จำลอง)', NULL, 1, 1, 'normal', 15),
(186, 28, 'D คนที่ 17', 'ตำแหน่ง/สังกัด (จำลอง)', NULL, 1, 1, 'normal', 16),
(187, 29, 'E คนที่ 1', 'ตำแหน่ง/สังกัด (จำลอง)', NULL, 1, 1, 'normal', 0),
(188, 29, 'E คนที่ 2', 'ตำแหน่ง/สังกัด (จำลอง)', NULL, 1, 1, 'normal', 1),
(189, 29, 'E คนที่ 3', 'ตำแหน่ง/สังกัด (จำลอง)', NULL, 1, 1, 'normal', 2),
(190, 29, 'E คนที่ 4', 'ตำแหน่ง/สังกัด (จำลอง)', NULL, 1, 1, 'normal', 3),
(191, 29, 'E คนที่ 5', 'ตำแหน่ง/สังกัด (จำลอง)', NULL, 1, 1, 'normal', 4),
(192, 29, 'E คนที่ 6', 'ตำแหน่ง/สังกัด (จำลอง)', NULL, 1, 1, 'normal', 5),
(193, 29, 'E คนที่ 7', 'ตำแหน่ง/สังกัด (จำลอง)', NULL, 1, 1, 'normal', 6),
(194, 29, 'E คนที่ 8', 'ตำแหน่ง/สังกัด (จำลอง)', NULL, 1, 1, 'normal', 7),
(195, 29, 'E คนที่ 9', 'ตำแหน่ง/สังกัด (จำลอง)', NULL, 1, 1, 'normal', 8),
(196, 29, 'E คนที่ 10', 'ตำแหน่ง/สังกัด (จำลอง)', NULL, 1, 1, 'normal', 9),
(197, 29, 'E คนที่ 11', 'ตำแหน่ง/สังกัด (จำลอง)', NULL, 1, 1, 'normal', 10),
(198, 29, 'E คนที่ 12', 'ตำแหน่ง/สังกัด (จำลอง)', NULL, 1, 1, 'normal', 11),
(199, 29, 'E คนที่ 13', 'ตำแหน่ง/สังกัด (จำลอง)', NULL, 1, 1, 'normal', 12),
(200, 29, 'E คนที่ 14', 'ตำแหน่ง/สังกัด (จำลอง)', NULL, 1, 1, 'normal', 13),
(201, 29, 'E คนที่ 15', 'ตำแหน่ง/สังกัด (จำลอง)', NULL, 1, 1, 'normal', 14),
(202, 29, 'E คนที่ 16', 'ตำแหน่ง/สังกัด (จำลอง)', NULL, 1, 1, 'normal', 15),
(203, 29, 'E คนที่ 17', 'ตำแหน่ง/สังกัด (จำลอง)', NULL, 1, 1, 'normal', 16),
(204, 29, 'E คนที่ 18', 'ตำแหน่ง/สังกัด (จำลอง)', NULL, 1, 1, 'normal', 17),
(205, 29, 'E คนที่ 19', 'ตำแหน่ง/สังกัด (จำลอง)', NULL, 1, 1, 'normal', 18),
(206, 29, 'E คนที่ 20', 'ตำแหน่ง/สังกัด (จำลอง)', NULL, 1, 1, 'normal', 19),
(227, 30, 'F คนที่ 1', 'ตำแหน่ง/สังกัด (จำลอง)', NULL, 1, 1, 'normal', 0),
(228, 30, 'F คนที่ 2', 'ตำแหน่ง/สังกัด (จำลอง)', NULL, 1, 1, 'normal', 1),
(229, 30, 'F คนที่ 3', 'ตำแหน่ง/สังกัด (จำลอง)', NULL, 1, 1, 'normal', 2),
(230, 30, 'F คนที่ 4', 'ตำแหน่ง/สังกัด (จำลอง)', NULL, 1, 1, 'normal', 3),
(231, 30, 'F คนที่ 5', 'ตำแหน่ง/สังกัด (จำลอง)', NULL, 1, 1, 'normal', 4),
(232, 30, 'F คนที่ 6', 'ตำแหน่ง/สังกัด (จำลอง)', NULL, 1, 1, 'normal', 5),
(233, 30, 'F คนที่ 7', 'ตำแหน่ง/สังกัด (จำลอง)', NULL, 1, 1, 'normal', 6),
(234, 30, 'F คนที่ 8', 'ตำแหน่ง/สังกัด (จำลอง)', NULL, 1, 1, 'normal', 7),
(235, 30, 'F คนที่ 9', 'ตำแหน่ง/สังกัด (จำลอง)', NULL, 1, 1, 'normal', 8),
(236, 30, 'F คนที่ 10', 'ตำแหน่ง/สังกัด (จำลอง)', NULL, 1, 1, 'normal', 9),
(237, 30, 'F คนที่ 11', 'ตำแหน่ง/สังกัด (จำลอง)', NULL, 1, 1, 'normal', 10),
(238, 30, 'F คนที่ 12', 'ตำแหน่ง/สังกัด (จำลอง)', NULL, 1, 1, 'normal', 11),
(239, 30, 'F คนที่ 13', 'ตำแหน่ง/สังกัด (จำลอง)', NULL, 1, 1, 'normal', 12),
(240, 30, 'F คนที่ 14', 'ตำแหน่ง/สังกัด (จำลอง)', NULL, 1, 1, 'normal', 13),
(241, 30, 'F คนที่ 15', 'ตำแหน่ง/สังกัด (จำลอง)', NULL, 1, 1, 'normal', 14),
(242, 30, 'F คนที่ 16', 'ตำแหน่ง/สังกัด (จำลอง)', NULL, 1, 1, 'normal', 15),
(243, 30, 'F คนที่ 17', 'ตำแหน่ง/สังกัด (จำลอง)', NULL, 1, 1, 'normal', 16),
(244, 30, 'F คนที่ 18', 'ตำแหน่ง/สังกัด (จำลอง)', NULL, 1, 1, 'normal', 17),
(245, 30, 'F คนที่ 19', 'ตำแหน่ง/สังกัด (จำลอง)', NULL, 1, 1, 'normal', 18),
(246, 30, 'F คนที่ 20', 'ตำแหน่ง/สังกัด (จำลอง)', NULL, 1, 1, 'normal', 19),
(502, 25, 'ประธานชาติ', 'ประธานจัดการแข่งขันระดับชาติ', NULL, 1, 1, 'normal', 0),
(514, 25, 'ทดสอบแก้ชื่อ', 'ตำแหน่ง', NULL, 1, 1, 'normal', 13),
(516, 28, 'ที่นั่งเสริม', 'รอระบุ', NULL, 1, 1, 'normal', 17),
(525, 26, 'B คนที่ 17', 'รับโลห์', NULL, 1, 1, 'normal', 16),
(526, 26, 'ที่นั่งเสริม', 'รอระบุ', NULL, 1, 1, 'normal', 19),
(528, 26, 'ที่นั่งเสริม', 'รอระบุ', NULL, 1, 1, 'normal', 17),
(532, 26, 'ที่นั่งเสริม', 'รอระบุ', NULL, 1, 1, 'normal', 18),
(535, 26, 'ที่นั่งเสริม', 'รอระบุ', NULL, 1, 1, 'normal', 21),
(536, 26, 'ที่นั่งเสริม', 'รอระบุ', NULL, 1, 1, 'normal', 20),
(537, 26, 'ที่นั่งเสริม', 'รอระบุ', NULL, 1, 1, 'normal', 22),
(549, 28, 'ที่นั่งเสริม 19', 'รอระบุ', NULL, 1, 1, 'normal', 18),
(550, 28, 'ที่นั่งเสริม 20', 'รอระบุ', NULL, 1, 1, 'normal', 19),
(551, 28, 'ที่นั่งเสริม 21', 'รอระบุ', NULL, 1, 1, 'normal', 20),
(552, 28, 'ที่นั่งเสริม 22', 'รอระบุ', NULL, 1, 1, 'normal', 21),
(553, 28, 'ที่นั่งเสริม 23', 'รอระบุ', NULL, 1, 1, 'normal', 22),
(554, 28, 'ที่นั่งเสริม 24', 'รอระบุ', NULL, 1, 1, 'normal', 23),
(561, 29, 'ที่นั่งเสริม 21', 'รอระบุ', NULL, 1, 1, 'normal', 20),
(562, 29, 'ที่นั่งเสริม 22', 'รอระบุ', NULL, 1, 1, 'normal', 21),
(563, 29, 'ที่นั่งเสริม 23', 'รอระบุ', NULL, 1, 1, 'normal', 22),
(564, 29, 'ที่นั่งเสริม 24', 'รอระบุ', NULL, 1, 1, 'normal', 23),
(571, 30, 'ที่นั่งเสริม 21', 'รอระบุ', NULL, 1, 1, 'normal', 20),
(572, 30, 'ที่นั่งเสริม 22', 'รอระบุ', NULL, 1, 1, 'normal', 21),
(573, 30, 'ที่นั่งเสริม 23', 'รอระบุ', NULL, 1, 1, 'normal', 22),
(574, 30, 'ที่นั่งเสริม 24', 'รอระบุ', NULL, 1, 1, 'normal', 23),
(590, 26, 'ที่นั่งเสริม', 'รอระบุ', NULL, 1, 1, 'normal', 23),
(593, 27, 'ที่นั่งเสริม', 'รอระบุ', NULL, 1, 1, 'normal', 2),
(594, 27, 'ที่นั่งเสริม', 'รอระบุ', NULL, 1, 1, 'normal', 4),
(595, 27, 'ที่นั่งเสริม', 'รอระบุ', NULL, 1, 1, 'normal', 5),
(596, 27, 'ที่นั่งเสริม', 'รอระบุ', NULL, 1, 1, 'normal', 11),
(597, 27, 'ที่นั่งเสริม', 'รอระบุ', NULL, 1, 1, 'normal', 10),
(598, 27, 'ที่นั่งเสริม', 'รอระบุ', NULL, 1, 1, 'normal', 9),
(599, 39, 'ผู้บริหารระดับสูง คนที่ 1', 'ตำแหน่ง/สังกัด (จำลอง)', NULL, 1, 1, 'normal', 0),
(600, 39, 'ผู้บริหารระดับสูง คนที่ 2', 'ตำแหน่ง/สังกัด (จำลอง)', NULL, 1, 1, 'normal', 1),
(601, 39, 'ผู้บริหารระดับสูง คนที่ 3', 'ตำแหน่ง/สังกัด (จำลอง)', NULL, 1, 1, 'normal', 2),
(602, 39, 'ผู้บริหารระดับสูง คนที่ 4', 'ตำแหน่ง/สังกัด (จำลอง)', NULL, 1, 1, 'normal', 3),
(603, 39, 'ผู้บริหารระดับสูง คนที่ 5', 'ตำแหน่ง/สังกัด (จำลอง)', NULL, 1, 1, 'normal', 4),
(604, 39, 'xxxxxxxxxxxx', 'xxxxxxxxxxxxxxx', NULL, 1, 1, 'normal', 12),
(605, 39, 'ผู้บริหารระดับสูง คนที่ 7', 'ตำแหน่ง/สังกัด (จำลอง)', NULL, 1, 1, 'normal', 5),
(606, 39, 'ผู้บริหารระดับสูง คนที่ 8', 'ตำแหน่ง/สังกัด (จำลอง)', NULL, 1, 1, 'normal', 6),
(607, 39, 'ผู้บริหารระดับสูง คนที่ 9', 'ตำแหน่ง/สังกัด (จำลอง)', NULL, 1, 1, 'normal', 7),
(608, 39, 'ผู้บริหารระดับสูง คนที่ 10', 'ตำแหน่ง/สังกัด (จำลอง)', NULL, 1, 1, 'normal', 8),
(609, 39, 'ผู้บริหารระดับสูง คนที่ 11', 'ตำแหน่ง/สังกัด (จำลอง)', NULL, 1, 1, 'normal', 9),
(610, 39, 'ผู้บริหารระดับสูง คนที่ 12', 'ตำแหน่ง/สังกัด (จำลอง)', NULL, 1, 1, 'normal', 10),
(611, 39, 'ผู้บริหารระดับสูง คนที่ 13', 'ตำแหน่ง/สังกัด (จำลอง)', NULL, 1, 1, 'normal', 11),
(612, 39, 'ผู้บริหารระดับสูง คนที่ 14', 'ตำแหน่ง/สังกัด (จำลอง)', NULL, 1, 1, 'normal', 13),
(613, 39, 'ผู้บริหารระดับสูง คนที่ 15', 'ตำแหน่ง/สังกัด (จำลอง)', NULL, 1, 1, 'normal', 14),
(614, 39, 'ผู้บริหารระดับสูง คนที่ 16', 'ตำแหน่ง/สังกัด (จำลอง)', NULL, 1, 1, 'normal', 15),
(615, 39, 'ผู้บริหารระดับสูง คนที่ 17', 'ตำแหน่ง/สังกัด (จำลอง)', NULL, 1, 1, 'normal', 16),
(616, 39, 'ผู้บริหารระดับสูง คนที่ 18', 'ตำแหน่ง/สังกัด (จำลอง)', NULL, 1, 1, 'normal', 17),
(617, 39, 'ผู้บริหารระดับสูง คนที่ 19', 'ตำแหน่ง/สังกัด (จำลอง)', NULL, 1, 1, 'normal', 18),
(618, 39, 'ผู้บริหารระดับสูง คนที่ 20', 'ตำแหน่ง/สังกัด (จำลอง)', NULL, 1, 1, 'normal', 19),
(619, 39, 'ผู้บริหารระดับสูง คนที่ 21', 'ตำแหน่ง/สังกัด (จำลอง)', NULL, 1, 1, 'normal', 20),
(620, 39, 'ผู้บริหารระดับสูง คนที่ 22', 'ตำแหน่ง/สังกัด (จำลอง)', NULL, 1, 1, 'normal', 21),
(621, 39, 'ผู้บริหารระดับสูง คนที่ 23', 'ตำแหน่ง/สังกัด (จำลอง)', NULL, 1, 1, 'normal', 22),
(622, 39, 'ผู้บริหารระดับสูง คนที่ 24', 'ตำแหน่ง/สังกัด (จำลอง)', NULL, 1, 1, 'normal', 23),
(623, 40, 'ผู้อำนวยการ คนที่ 1', 'ตำแหน่ง/สังกัด (จำลอง)', NULL, 1, 1, 'normal', 0),
(624, 40, 'ผู้อำนวยการ คนที่ 2', 'ตำแหน่ง/สังกัด (จำลอง)', NULL, 1, 1, 'normal', 1),
(625, 40, 'ผู้อำนวยการ คนที่ 3', 'ตำแหน่ง/สังกัด (จำลอง)', NULL, 1, 1, 'normal', 2),
(626, 40, 'ผู้อำนวยการ คนที่ 4', 'ตำแหน่ง/สังกัด (จำลอง)', NULL, 1, 1, 'normal', 3),
(627, 40, 'ผู้อำนวยการ คนที่ 5', 'ตำแหน่ง/สังกัด (จำลอง)', NULL, 1, 1, 'normal', 4),
(628, 40, 'ผู้อำนวยการ คนที่ 6', 'ตำแหน่ง/สังกัด (จำลอง)', NULL, 1, 1, 'normal', 5),
(629, 40, 'ผู้อำนวยการ คนที่ 7', 'ตำแหน่ง/สังกัด (จำลอง)', NULL, 1, 1, 'normal', 6),
(630, 40, 'ผู้อำนวยการ คนที่ 8', 'ตำแหน่ง/สังกัด (จำลอง)', NULL, 1, 1, 'normal', 7),
(631, 40, 'ผู้อำนวยการ คนที่ 9', 'ตำแหน่ง/สังกัด (จำลอง)', NULL, 1, 1, 'normal', 8),
(632, 40, 'ผู้อำนวยการ คนที่ 10', 'ตำแหน่ง/สังกัด (จำลอง)', NULL, 1, 1, 'normal', 9),
(633, 40, 'ผู้อำนวยการ คนที่ 11', 'ตำแหน่ง/สังกัด (จำลอง)', NULL, 1, 1, 'normal', 10),
(634, 40, 'ผู้อำนวยการ คนที่ 12', 'ตำแหน่ง/สังกัด (จำลอง)', NULL, 1, 1, 'normal', 11),
(635, 40, 'ผู้อำนวยการ คนที่ 13', 'ตำแหน่ง/สังกัด (จำลอง)', NULL, 1, 1, 'normal', 12),
(636, 40, 'ผู้อำนวยการ คนที่ 14', 'ตำแหน่ง/สังกัด (จำลอง)', NULL, 1, 1, 'normal', 13),
(637, 40, 'ผู้อำนวยการ คนที่ 15', 'ตำแหน่ง/สังกัด (จำลอง)', NULL, 1, 1, 'normal', 14),
(638, 40, 'ผู้อำนวยการ คนที่ 16', 'ตำแหน่ง/สังกัด (จำลอง)', NULL, 1, 1, 'normal', 15),
(639, 40, 'ผู้อำนวยการ คนที่ 17', 'ตำแหน่ง/สังกัด (จำลอง)', NULL, 1, 1, 'normal', 16),
(640, 40, 'ผู้อำนวยการ คนที่ 18', 'ตำแหน่ง/สังกัด (จำลอง)', NULL, 1, 1, 'normal', 17),
(641, 40, 'ผู้อำนวยการ คนที่ 19', 'ตำแหน่ง/สังกัด (จำลอง)', NULL, 1, 1, 'normal', 18),
(642, 40, 'ผู้อำนวยการ คนที่ 20', 'ตำแหน่ง/สังกัด (จำลอง)', NULL, 1, 1, 'normal', 19),
(643, 40, 'ผู้อำนวยการ คนที่ 21', 'ตำแหน่ง/สังกัด (จำลอง)', NULL, 1, 1, 'normal', 20),
(644, 40, 'ผู้อำนวยการ คนที่ 22', 'ตำแหน่ง/สังกัด (จำลอง)', NULL, 1, 1, 'normal', 21),
(645, 40, 'ผู้อำนวยการ คนที่ 23', 'ตำแหน่ง/สังกัด (จำลอง)', NULL, 1, 1, 'normal', 22),
(646, 40, 'ผู้อำนวยการ คนที่ 24', 'ตำแหน่ง/สังกัด (จำลอง)', NULL, 1, 1, 'normal', 23),
(647, 41, 'ผู้เข้าร่วมงาน 1 คนที่ 1', 'ตำแหน่ง/สังกัด (จำลอง)', NULL, 1, 1, 'normal', 0),
(648, 41, 'ผู้เข้าร่วมงาน 1 คนที่ 2', 'ตำแหน่ง/สังกัด (จำลอง)', NULL, 1, 1, 'normal', 1),
(649, 41, 'ผู้เข้าร่วมงาน 1 คนที่ 3', 'ตำแหน่ง/สังกัด (จำลอง)', NULL, 1, 1, 'normal', 2),
(650, 41, 'ผู้เข้าร่วมงาน 1 คนที่ 4', 'ตำแหน่ง/สังกัด (จำลอง)', NULL, 1, 1, 'normal', 3),
(651, 41, 'ผู้เข้าร่วมงาน 1 คนที่ 5', 'ตำแหน่ง/สังกัด (จำลอง)', NULL, 1, 1, 'normal', 4),
(652, 41, 'ผู้เข้าร่วมงาน 1 คนที่ 6', 'ตำแหน่ง/สังกัด (จำลอง)', NULL, 1, 1, 'normal', 5),
(653, 41, 'ผู้เข้าร่วมงาน 1 คนที่ 7', 'ตำแหน่ง/สังกัด (จำลอง)', NULL, 1, 1, 'normal', 6),
(654, 41, 'ผู้เข้าร่วมงาน 1 คนที่ 8', 'ตำแหน่ง/สังกัด (จำลอง)', NULL, 1, 1, 'normal', 7),
(655, 41, 'ผู้เข้าร่วมงาน 1 คนที่ 9', 'ตำแหน่ง/สังกัด (จำลอง)', NULL, 1, 1, 'normal', 8),
(656, 41, 'ผู้เข้าร่วมงาน 1 คนที่ 10', 'ตำแหน่ง/สังกัด (จำลอง)', NULL, 1, 1, 'normal', 9),
(657, 41, 'ผู้เข้าร่วมงาน 1 คนที่ 11', 'ตำแหน่ง/สังกัด (จำลอง)', NULL, 1, 1, 'normal', 10),
(658, 41, 'ผู้เข้าร่วมงาน 1 คนที่ 12', 'ตำแหน่ง/สังกัด (จำลอง)', NULL, 1, 1, 'normal', 11),
(659, 41, 'ผู้เข้าร่วมงาน 1 คนที่ 13', 'ตำแหน่ง/สังกัด (จำลอง)', NULL, 1, 1, 'normal', 12),
(660, 41, 'ผู้เข้าร่วมงาน 1 คนที่ 14', 'ตำแหน่ง/สังกัด (จำลอง)', NULL, 1, 1, 'normal', 13),
(661, 41, 'ผู้เข้าร่วมงาน 1 คนที่ 15', 'ตำแหน่ง/สังกัด (จำลอง)', NULL, 1, 1, 'normal', 14),
(662, 41, 'ผู้เข้าร่วมงาน 1 คนที่ 16', 'ตำแหน่ง/สังกัด (จำลอง)', NULL, 1, 1, 'normal', 15),
(663, 41, 'ผู้เข้าร่วมงาน 1 คนที่ 17', 'ตำแหน่ง/สังกัด (จำลอง)', NULL, 1, 1, 'normal', 16),
(664, 41, 'ผู้เข้าร่วมงาน 1 คนที่ 18', 'ตำแหน่ง/สังกัด (จำลอง)', NULL, 1, 1, 'normal', 17),
(665, 41, 'ผู้เข้าร่วมงาน 1 คนที่ 19', 'ตำแหน่ง/สังกัด (จำลอง)', NULL, 1, 1, 'normal', 18),
(666, 41, 'ผู้เข้าร่วมงาน 1 คนที่ 20', 'ตำแหน่ง/สังกัด (จำลอง)', NULL, 1, 1, 'normal', 19),
(667, 41, 'ผู้เข้าร่วมงาน 1 คนที่ 21', 'ตำแหน่ง/สังกัด (จำลอง)', NULL, 1, 1, 'normal', 20),
(668, 41, 'ผู้เข้าร่วมงาน 1 คนที่ 22', 'ตำแหน่ง/สังกัด (จำลอง)', NULL, 1, 1, 'normal', 21),
(669, 41, 'ผู้เข้าร่วมงาน 1 คนที่ 23', 'ตำแหน่ง/สังกัด (จำลอง)', NULL, 1, 1, 'normal', 22),
(670, 41, 'ผู้เข้าร่วมงาน 1 คนที่ 24', 'ตำแหน่ง/สังกัด (จำลอง)', NULL, 1, 1, 'normal', 23),
(671, 42, 'ผู้เข้าร่วมงาน 1 คนที่ 1', 'ตำแหน่ง/สังกัด (จำลอง)', NULL, 1, 1, 'normal', 0),
(672, 42, 'ผู้เข้าร่วมงาน 1 คนที่ 2', 'ตำแหน่ง/สังกัด (จำลอง)', NULL, 1, 1, 'normal', 1),
(673, 42, 'ผู้เข้าร่วมงาน 1 คนที่ 3', 'ตำแหน่ง/สังกัด (จำลอง)', NULL, 1, 1, 'normal', 2),
(674, 42, 'ผู้เข้าร่วมงาน 1 คนที่ 4', 'ตำแหน่ง/สังกัด (จำลอง)', NULL, 1, 1, 'normal', 3),
(675, 42, 'ผู้เข้าร่วมงาน 1 คนที่ 5', 'ตำแหน่ง/สังกัด (จำลอง)', NULL, 1, 1, 'normal', 4),
(676, 42, 'ผู้เข้าร่วมงาน 1 คนที่ 6', 'ตำแหน่ง/สังกัด (จำลอง)', NULL, 1, 1, 'normal', 5),
(677, 42, 'ผู้เข้าร่วมงาน 1 คนที่ 7', 'ตำแหน่ง/สังกัด (จำลอง)', NULL, 1, 1, 'normal', 6),
(678, 42, 'ผู้เข้าร่วมงาน 1 คนที่ 8', 'ตำแหน่ง/สังกัด (จำลอง)', NULL, 1, 1, 'normal', 7),
(679, 42, 'ผู้เข้าร่วมงาน 1 คนที่ 9', 'ตำแหน่ง/สังกัด (จำลอง)', NULL, 1, 1, 'normal', 8),
(680, 42, 'ผู้เข้าร่วมงาน 1 คนที่ 10', 'ตำแหน่ง/สังกัด (จำลอง)', NULL, 1, 1, 'normal', 9),
(681, 42, 'ผู้เข้าร่วมงาน 1 คนที่ 11', 'ตำแหน่ง/สังกัด (จำลอง)', NULL, 1, 1, 'normal', 10),
(682, 42, 'ผู้เข้าร่วมงาน 1 คนที่ 12', 'ตำแหน่ง/สังกัด (จำลอง)', NULL, 1, 1, 'normal', 11),
(683, 42, 'ผู้เข้าร่วมงาน 1 คนที่ 13', 'ตำแหน่ง/สังกัด (จำลอง)', NULL, 1, 1, 'normal', 12),
(684, 42, 'ผู้เข้าร่วมงาน 1 คนที่ 14', 'ตำแหน่ง/สังกัด (จำลอง)', NULL, 1, 1, 'normal', 13),
(685, 42, 'ผู้เข้าร่วมงาน 1 คนที่ 15', 'ตำแหน่ง/สังกัด (จำลอง)', NULL, 1, 1, 'normal', 14),
(686, 42, 'ผู้เข้าร่วมงาน 1 คนที่ 16', 'ตำแหน่ง/สังกัด (จำลอง)', NULL, 1, 1, 'normal', 15),
(687, 42, 'ผู้เข้าร่วมงาน 1 คนที่ 17', 'ตำแหน่ง/สังกัด (จำลอง)', NULL, 1, 1, 'normal', 16),
(688, 42, 'ผู้เข้าร่วมงาน 1 คนที่ 18', 'ตำแหน่ง/สังกัด (จำลอง)', NULL, 1, 1, 'normal', 17),
(689, 42, 'ผู้เข้าร่วมงาน 1 คนที่ 19', 'ตำแหน่ง/สังกัด (จำลอง)', NULL, 1, 1, 'normal', 18),
(690, 42, 'ผู้เข้าร่วมงาน 1 คนที่ 20', 'ตำแหน่ง/สังกัด (จำลอง)', NULL, 1, 1, 'normal', 19),
(691, 42, 'ผู้เข้าร่วมงาน 1 คนที่ 21', 'ตำแหน่ง/สังกัด (จำลอง)', NULL, 1, 1, 'normal', 20),
(692, 42, 'ผู้เข้าร่วมงาน 1 คนที่ 22', 'ตำแหน่ง/สังกัด (จำลอง)', NULL, 1, 1, 'normal', 21),
(693, 42, 'ผู้เข้าร่วมงาน 1 คนที่ 23', 'ตำแหน่ง/สังกัด (จำลอง)', NULL, 1, 1, 'normal', 22),
(694, 42, 'ผู้เข้าร่วมงาน 1 คนที่ 24', 'ตำแหน่ง/สังกัด (จำลอง)', NULL, 1, 1, 'normal', 23),
(695, 27, 'ที่นั่งเสริม 17', 'รอระบุ', NULL, 1, 1, 'normal', 16),
(696, 27, 'ที่นั่งเสริม 18', 'รอระบุ', NULL, 1, 1, 'normal', 17),
(697, 27, 'ที่นั่งเสริม 19', 'รอระบุ', NULL, 1, 1, 'normal', 18),
(698, 27, 'ที่นั่งเสริม 20', 'รอระบุ', NULL, 1, 1, 'normal', 19),
(699, 27, 'ที่นั่งเสริม 21', 'รอระบุ', NULL, 1, 1, 'normal', 20),
(700, 27, 'ที่นั่งเสริม 22', 'รอระบุ', NULL, 1, 1, 'normal', 21),
(701, 27, 'ที่นั่งเสริม 23', 'รอระบุ', NULL, 1, 1, 'normal', 22),
(702, 27, 'ที่นั่งเสริม 24', 'รอระบุ', NULL, 1, 1, 'normal', 23),
(703, 25, 'ที่นั่งเสริม 15', 'รอระบุ', NULL, 1, 1, 'normal', 14),
(704, 25, 'ที่นั่งเสริม 16', 'รอระบุ', NULL, 1, 1, 'normal', 15),
(705, 25, 'ที่นั่งเสริม 17', 'รอระบุ', NULL, 1, 1, 'normal', 16),
(706, 25, 'ที่นั่งเสริม 18', 'รอระบุ', NULL, 1, 1, 'normal', 17),
(707, 25, 'ที่นั่งเสริม 19', 'รอระบุ', NULL, 1, 1, 'normal', 18),
(708, 25, 'ที่นั่งเสริม 20', 'รอระบุ', NULL, 1, 1, 'normal', 19),
(709, 25, 'ที่นั่งเสริม 21', 'รอระบุ', NULL, 1, 1, 'normal', 20),
(710, 25, 'ที่นั่งเสริม 22', 'รอระบุ', NULL, 1, 1, 'normal', 21),
(711, 43, 'VVIP คนที่ 1', 'ตำแหน่ง/สังกัด (จำลอง)', NULL, 1, 1, 'normal', 0),
(712, 43, 'VVIP คนที่ 2', 'ตำแหน่ง/สังกัด (จำลอง)', NULL, 1, 1, 'normal', 1),
(713, 43, 'VVIP คนที่ 3', 'ตำแหน่ง/สังกัด (จำลอง)', NULL, 1, 1, 'normal', 2),
(714, 43, 'VVIP คนที่ 4', 'ตำแหน่ง/สังกัด (จำลอง)', NULL, 1, 1, 'normal', 3),
(715, 43, 'VVIP คนที่ 5', 'ตำแหน่ง/สังกัด (จำลอง)', NULL, 1, 1, 'normal', 4),
(716, 43, 'VVIP คนที่ 6', 'ตำแหน่ง/สังกัด (จำลอง)', NULL, 1, 1, 'normal', 5),
(717, 43, 'VVIP คนที่ 7', 'ตำแหน่ง/สังกัด (จำลอง)', NULL, 1, 1, 'normal', 6),
(718, 43, 'VVIP คนที่ 8', 'ตำแหน่ง/สังกัด (จำลอง)', NULL, 1, 1, 'normal', 7),
(719, 43, 'VVIP คนที่ 9', 'ตำแหน่ง/สังกัด (จำลอง)', NULL, 1, 1, 'normal', 8),
(720, 43, 'VVIP คนที่ 10', 'ตำแหน่ง/สังกัด (จำลอง)', NULL, 1, 1, 'normal', 9),
(721, 43, 'นายยศพล เวณุโกเศศ', 'เลขาธิการคณะกรรมการการอาชีวศึกษา', '11/img_69779f583c892.jpg', 1, 1, 'normal', 10),
(722, 43, 'เซียร์รังสิต', 'ศูนย์การค้าเซียร์รังสิต', '11/img_6977a04f17a2b.png', 1, 1, 'normal', 11),
(723, 43, 'VVIP คนที่ 13', 'ตำแหน่ง/สังกัด (จำลอง)', NULL, 1, 1, 'normal', 12),
(724, 43, 'VVIP คนที่ 14', 'ตำแหน่ง/สังกัด (จำลอง)', NULL, 1, 1, 'normal', 13),
(725, 43, 'VVIP คนที่ 15', 'ตำแหน่ง/สังกัด (จำลอง)', NULL, 1, 1, 'normal', 14),
(726, 43, 'VVIP คนที่ 16', 'ตำแหน่ง/สังกัด (จำลอง)', NULL, 1, 1, 'normal', 15),
(727, 43, 'VVIP คนที่ 17', 'ตำแหน่ง/สังกัด (จำลอง)', NULL, 1, 1, 'normal', 16),
(728, 43, 'VVIP คนที่ 18', 'ตำแหน่ง/สังกัด (จำลอง)', NULL, 1, 1, 'normal', 17),
(729, 43, 'VVIP คนที่ 19', 'ตำแหน่ง/สังกัด (จำลอง)', NULL, 1, 1, 'normal', 18),
(730, 43, 'VVIP คนที่ 20', 'ตำแหน่ง/สังกัด (จำลอง)', NULL, 1, 1, 'normal', 19),
(731, 43, 'VVIP คนที่ 21', 'ตำแหน่ง/สังกัด (จำลอง)', NULL, 1, 1, 'normal', 20),
(732, 43, 'VVIP คนที่ 22', 'ตำแหน่ง/สังกัด (จำลอง)', NULL, 1, 1, 'normal', 21),
(733, 44, 'นายณัฐนนท์ ภู่อริยพงศ์', 'ผู้อำนวยการวิทยาลัยเทคนิคลำปาง', '11/img_69778f6619db4.jpg', 1, 1, 'normal', 0),
(734, 44, 'นายวิชรุติ ลี้จินดา', 'ผู้อำนวยการวิทยาลัยสารพัดช่างลำปาง', '11/img_69778f6d40fa9.jpg', 1, 1, 'normal', 1),
(735, 44, 'นายเทียน รั้งกลาง', 'ผู้อำนวยการวิทยาลัยการอาชีพพิชัย', '11/img_69778f8b85dd5.jpg', 1, 1, 'normal', 2),
(736, 44, 'นายพงศ์กานต์ เอี่ยมสงคราม', 'ผู้อำนวยการวิทยาลัยอาชีวศึกษา นครสวรรค์', '11/img_6977900d84b90.jpg', 1, 1, 'normal', 3),
(737, 44, 'นายรชต ดิลกรัชตสกุล', 'ผู้อำนวยการวิทยาลัยเทคนิคปัว', '11/img_6977905216a6c.png', 1, 1, 'normal', 4),
(738, 44, 'นายเดโชวัต ทักคุ้ม', 'ผู้อำนวยการวิทยาลัยเทคนิคแม่สอด', '11/img_697794ad92e4d.jpg', 1, 1, 'normal', 5),
(739, 44, 'นายบัณฑิตย์ สิงห์ช่างชัย', 'ผู้อำนวยการวิทยาลัยอาชีวศึกษาอุตรดิตถ์', '11/img_69779542f2579.png', 1, 1, 'normal', 6),
(740, 44, 'ร้อยตรีสมฤทธิ์ ไกลถิ่น', 'ผู้อำนวยการวิทยาลัยเทคนิคเทิง', '11/img_6977957394a6d.png', 1, 1, 'normal', 7),
(741, 44, 'นายมารุต รื่นรวย', 'ผู้อำนวยการวิทยาลัยอาชีวศึกษาสุโขทัย', '11/img_697795dcd295d.jpg', 1, 1, 'normal', 8),
(742, 44, 'นายภัทธาวุธ โพธา', 'ผู้อำนวยการวิทยาลัยสารพัดช่างกำแพงเพชร', '11/img_6977979276fb2.jpg', 1, 1, 'normal', 9),
(743, 44, 'รองศาสตราจารย์เชาวฤทธิ์ ลำพาย', 'ผู้อำนวยการวิทยาลัยอาชีวศึกษาร้อยเอ็ด', '11/img_6977981b91831.png', 1, 1, 'normal', 10),
(744, 44, 'นายศุภกฤต แกมนิรัตน์', 'ผู้อำนวยการวิทยาลัยเทคนิคเลย', '11/img_69779856c6aeb.jpg', 1, 1, 'normal', 11),
(745, 44, 'นายสุริยา พงษ์ศิริรักษ์', 'ผู้อำนวยการวิทยาลัยเทคนิคปากช่อง', '11/img_69779893d13eb.jpg', 1, 1, 'normal', 12),
(746, 44, 'นายบรรจง จำพร', 'ผู้อำนวยการวิทยาลัยเทคนิคเกษตรวิสัย', '11/img_69779d65286a2.png', 1, 1, 'normal', 13),
(747, 44, 'นายทวิกานต์ ผดุงสันต์', 'ผู้อำนวยการสถานศึกษาวิทยาลัยเทคนิคราษีไศล', '11/img_697799e87be4b.png', 1, 1, 'normal', 14),
(748, 44, 'นายสมชาย อินทร์ปรางค์', 'ผู้อำนวยการวิทยาลัยการอาชีพบุรีรัมย์', '11/img_69779a0a1d615.jpg', 1, 1, 'normal', 15),
(749, 44, 'นายสุรศักดิ์ ผาสุขรูป', 'ครูวิทยาลัยเทคนิคสระบุรี', '11/img_69779ad1a68d9.jpg', 1, 1, 'normal', 16),
(750, 44, 'นายปรารถนา ราชสุภา', 'ครูวิทยาลัยเทคนิคสิงห์บุรี', '11/img_69779af71f825.png', 1, 1, 'normal', 17),
(751, 44, 'นายเจษฎา อนันทวรรณ', 'ผู้อำพนวยการวิทยาลัยการอาชีพหลวงประธานราษฎร์นิกร', '11/img_69779b1daad5d.jpeg', 1, 1, 'normal', 18),
(752, 44, 'นายโสภณ ตันพิริยะกุล', 'รองผู้อำนวยการวิทยาลั ยเทคนิคปทุมธานี', '11/img_69779b3b7b2e8.jpg', 1, 1, 'normal', 19),
(753, 44, 'นางวราพร ตันพิริยะกุล', 'รองผู้อำนวยการวิทยาลัยเทคนิคนนทบุรี', '11/img_69779ccfc61fa.png', 1, 1, 'normal', 20),
(754, 44, 'นายศิรวิทย์ หริรักษ์', 'รองผู้อำนวยการวิทยาลัยเทคนิคนนทบุรี', '11/img_69779cc5b117f.png', 1, 1, 'normal', 21),
(755, 45, 'สถานประกอบการ คนที่ 1', 'ตำแหน่ง/สังกัด (จำลอง)', NULL, 1, 1, 'normal', 0),
(756, 45, 'สถานประกอบการ คนที่ 2', 'ตำแหน่ง/สังกัด (จำลอง)', NULL, 1, 1, 'normal', 1),
(757, 45, 'สถานประกอบการ คนที่ 3', 'ตำแหน่ง/สังกัด (จำลอง)', NULL, 1, 1, 'normal', 2),
(758, 45, 'สถานประกอบการ คนที่ 4', 'ตำแหน่ง/สังกัด (จำลอง)', NULL, 1, 1, 'normal', 3),
(759, 45, 'สถานประกอบการ คนที่ 5', 'ตำแหน่ง/สังกัด (จำลอง)', NULL, 1, 1, 'normal', 4),
(760, 45, 'สถานประกอบการ คนที่ 6', 'ตำแหน่ง/สังกัด (จำลอง)', NULL, 1, 1, 'normal', 5),
(761, 45, 'สถานประกอบการ คนที่ 7', 'ตำแหน่ง/สังกัด (จำลอง)', NULL, 1, 1, 'normal', 6),
(762, 45, 'สถานประกอบการ คนที่ 8', 'ตำแหน่ง/สังกัด (จำลอง)', NULL, 1, 1, 'normal', 7),
(763, 45, 'สถานประกอบการ คนที่ 9', 'ตำแหน่ง/สังกัด (จำลอง)', NULL, 1, 1, 'normal', 8),
(764, 45, 'สถานประกอบการ คนที่ 10', 'ตำแหน่ง/สังกัด (จำลอง)', NULL, 1, 1, 'normal', 9),
(765, 45, 'สถานประกอบการ คนที่ 11', 'ตำแหน่ง/สังกัด (จำลอง)', NULL, 1, 1, 'normal', 10),
(766, 45, 'สถานประกอบการ คนที่ 12', 'ตำแหน่ง/สังกัด (จำลอง)', NULL, 1, 1, 'normal', 11),
(767, 45, 'สถานประกอบการ คนที่ 13', 'ตำแหน่ง/สังกัด (จำลอง)', NULL, 1, 1, 'normal', 12),
(768, 45, 'สถานประกอบการ คนที่ 14', 'ตำแหน่ง/สังกัด (จำลอง)', NULL, 1, 1, 'normal', 13),
(769, 45, 'สถานประกอบการ คนที่ 15', 'ตำแหน่ง/สังกัด (จำลอง)', NULL, 1, 1, 'normal', 14),
(770, 45, 'สถานประกอบการ คนที่ 16', 'ตำแหน่ง/สังกัด (จำลอง)', NULL, 1, 1, 'normal', 15),
(771, 45, 'สถานประกอบการ คนที่ 17', 'ตำแหน่ง/สังกัด (จำลอง)', NULL, 1, 1, 'normal', 16),
(772, 45, 'สถานประกอบการ คนที่ 18', 'ตำแหน่ง/สังกัด (จำลอง)', NULL, 1, 1, 'normal', 17),
(773, 45, 'สถานประกอบการ คนที่ 19', 'ตำแหน่ง/สังกัด (จำลอง)', NULL, 1, 1, 'normal', 18),
(774, 45, 'สถานประกอบการ คนที่ 20', 'ตำแหน่ง/สังกัด (จำลอง)', NULL, 1, 1, 'normal', 19),
(775, 45, 'สถานประกอบการ คนที่ 21', 'ตำแหน่ง/สังกัด (จำลอง)', NULL, 1, 1, 'normal', 20),
(776, 45, 'สถานประกอบการ คนที่ 22', 'ตำแหน่ง/สังกัด (จำลอง)', NULL, 1, 1, 'normal', 21),
(777, 46, 'ผู้เข้าร่วม คนที่ 1', 'ตำแหน่ง/สังกัด (จำลอง)', NULL, 1, 1, 'normal', 0),
(778, 46, 'ผู้เข้าร่วม คนที่ 2', 'ตำแหน่ง/สังกัด (จำลอง)', NULL, 1, 1, 'normal', 1),
(779, 46, 'ผู้เข้าร่วม คนที่ 3', 'ตำแหน่ง/สังกัด (จำลอง)', NULL, 1, 1, 'normal', 2),
(780, 46, 'ผู้เข้าร่วม คนที่ 4', 'ตำแหน่ง/สังกัด (จำลอง)', NULL, 1, 1, 'normal', 3),
(781, 46, 'ผู้เข้าร่วม คนที่ 5', 'ตำแหน่ง/สังกัด (จำลอง)', NULL, 1, 1, 'normal', 4),
(782, 46, 'ผู้เข้าร่วม คนที่ 6', 'ตำแหน่ง/สังกัด (จำลอง)', NULL, 1, 1, 'normal', 5),
(783, 46, 'ผู้เข้าร่วม คนที่ 7', 'ตำแหน่ง/สังกัด (จำลอง)', NULL, 1, 1, 'normal', 6),
(784, 46, 'ผู้เข้าร่วม คนที่ 8', 'ตำแหน่ง/สังกัด (จำลอง)', NULL, 1, 1, 'normal', 7),
(785, 46, 'ผู้เข้าร่วม คนที่ 9', 'ตำแหน่ง/สังกัด (จำลอง)', NULL, 1, 1, 'normal', 8),
(786, 46, 'ผู้เข้าร่วม คนที่ 10', 'ตำแหน่ง/สังกัด (จำลอง)', NULL, 1, 1, 'normal', 9),
(787, 46, 'ผู้เข้าร่วม คนที่ 11', 'ตำแหน่ง/สังกัด (จำลอง)', NULL, 1, 1, 'normal', 10),
(788, 46, 'ผู้เข้าร่วม คนที่ 12', 'ตำแหน่ง/สังกัด (จำลอง)', NULL, 1, 1, 'normal', 11),
(789, 46, 'ผู้เข้าร่วม คนที่ 13', 'ตำแหน่ง/สังกัด (จำลอง)', NULL, 1, 1, 'normal', 12),
(790, 46, 'ผู้เข้าร่วม คนที่ 14', 'ตำแหน่ง/สังกัด (จำลอง)', NULL, 1, 1, 'normal', 13),
(791, 46, 'ผู้เข้าร่วม คนที่ 15', 'ตำแหน่ง/สังกัด (จำลอง)', NULL, 1, 1, 'normal', 14),
(792, 46, 'ผู้เข้าร่วม คนที่ 16', 'ตำแหน่ง/สังกัด (จำลอง)', NULL, 1, 1, 'normal', 15),
(793, 46, 'ผู้เข้าร่วม คนที่ 17', 'ตำแหน่ง/สังกัด (จำลอง)', NULL, 1, 1, 'normal', 16),
(794, 46, 'ผู้เข้าร่วม คนที่ 18', 'ตำแหน่ง/สังกัด (จำลอง)', NULL, 1, 1, 'normal', 17),
(795, 46, 'ผู้เข้าร่วม คนที่ 19', 'ตำแหน่ง/สังกัด (จำลอง)', NULL, 1, 1, 'normal', 18),
(796, 46, 'ผู้เข้าร่วม คนที่ 20', 'ตำแหน่ง/สังกัด (จำลอง)', NULL, 1, 1, 'normal', 19),
(797, 46, 'ผู้เข้าร่วม คนที่ 21', 'ตำแหน่ง/สังกัด (จำลอง)', NULL, 1, 1, 'normal', 20),
(798, 46, 'ผู้เข้าร่วม คนที่ 22', 'ตำแหน่ง/สังกัด (จำลอง)', NULL, 1, 1, 'normal', 21);

-- --------------------------------------------------------

--
-- Table structure for table `plans`
--

CREATE TABLE `plans` (
  `id` int(11) NOT NULL,
  `created_by` int(11) DEFAULT NULL,
  `name` varchar(255) NOT NULL,
  `total_capacity` int(11) DEFAULT 0,
  `seats_per_row` int(11) DEFAULT 40,
  `created_at` timestamp NULL DEFAULT current_timestamp(),
  `is_active` tinyint(1) DEFAULT 1,
  `plan_date` date DEFAULT NULL,
  `is_deleted` tinyint(1) DEFAULT 0
) ENGINE=InnoDB DEFAULT CHARSET=utf8mb4 COLLATE=utf8mb4_thai_520_w2;

--
-- Dumping data for table `plans`
--

INSERT INTO `plans` (`id`, `created_by`, `name`, `total_capacity`, `seats_per_row`, `created_at`, `is_active`, `plan_date`, `is_deleted`) VALUES
(5, 4, 'พิธีเปิดงานมหกรรมสิ่งประดิษฐ์คนรุ่นใหม่ ปีการศึกษา 2568 V.1', 0, 40, '2026-01-15 15:50:43', 1, '2026-01-29', 0),
(10, 4, 'พิธีปิดงาน', 0, 24, '2026-01-21 03:22:32', 1, NULL, 0),
(11, 3, 'พิธีเปิดงานมหกรรมสิ่งประดิษฐ์คนรุ่นใหม่ ปีการศึกษา 2568 V.2', 0, 30, '2026-01-26 15:37:30', 1, NULL, 0);

-- --------------------------------------------------------

--
-- Table structure for table `plan_groups`
--

CREATE TABLE `plan_groups` (
  `id` int(11) NOT NULL,
  `plan_id` int(11) NOT NULL,
  `zone_type` enum('exec','part') NOT NULL,
  `name` varchar(255) NOT NULL,
  `seat_type` varchar(50) DEFAULT 'chair',
  `row_count` int(11) DEFAULT 1,
  `seats_in_row` int(11) DEFAULT 0,
  `member_count` int(11) DEFAULT 1,
  `quantity` int(11) DEFAULT 0,
  `sort_order` int(11) DEFAULT 0
) ENGINE=InnoDB DEFAULT CHARSET=utf8mb4 COLLATE=utf8mb4_thai_520_w2;

--
-- Dumping data for table `plan_groups`
--

INSERT INTO `plan_groups` (`id`, `plan_id`, `zone_type`, `name`, `seat_type`, `row_count`, `seats_in_row`, `member_count`, `quantity`, `sort_order`) VALUES
(25, 5, 'exec', 'A', 'sofa', 1, 22, 1, 22, 1),
(26, 5, 'exec', 'B', 'chair', 1, 24, 1, 24, 2),
(27, 5, 'exec', 'C', 'chair', 1, 24, 1, 24, 3),
(28, 5, 'exec', 'D', 'chair', 1, 24, 1, 24, 4),
(29, 5, 'part', 'E', 'chair', 1, 24, 1, 24, 1),
(30, 5, 'part', 'F', 'chair', 1, 24, 1, 24, 2),
(39, 10, 'exec', 'ผู้บริหารระดับสูง', 'sofa', 1, 24, 1, 0, 1),
(40, 10, 'exec', 'ผู้อำนวยการ', 'sofa', 1, 24, 1, 0, 2),
(41, 10, 'part', 'ผู้เข้าร่วมงาน 1', 'chair', 1, 0, 1, 24, 1),
(42, 10, 'part', 'ผู้เข้าร่วมงาน 1', 'chair', 1, 0, 1, 24, 2),
(43, 11, 'exec', 'VVIP', 'sofa', 1, 22, 1, 22, 1),
(44, 11, 'exec', 'โล่รางวัลเป็นผู้ทำคุณูปการให้การสนับสนุนกิจกรรม', 'sofa', 1, 22, 1, 22, 2),
(45, 11, 'exec', 'สถานประกอบการ', 'sofa', 1, 22, 1, 22, 3),
(46, 11, 'part', 'A', 'chair', 1, 22, 1, 22, 1);

-- --------------------------------------------------------

--
-- Table structure for table `users`
--

CREATE TABLE `users` (
  `id` int(11) NOT NULL,
  `username` varchar(50) NOT NULL,
  `password` varchar(255) DEFAULT NULL,
  `role` enum('admin','user') NOT NULL DEFAULT 'user',
  `created_at` timestamp NULL DEFAULT current_timestamp(),
  `is_active` tinyint(1) DEFAULT 1
) ENGINE=InnoDB DEFAULT CHARSET=utf8mb4 COLLATE=utf8mb4_thai_520_w2;

--
-- Dumping data for table `users`
--

INSERT INTO `users` (`id`, `username`, `password`, `role`, `created_at`, `is_active`) VALUES
(3, 'admin', '$2y$10$hNSB0JsUbce2Gu0e6phh1uuqPpc3sh.MC3DK662rBcm1gmDFQ5VeW', 'admin', '2026-01-17 02:44:32', 1),
(4, 'yupa', '$2y$10$qq3ERed0h6WpRTgsFMt2Te.yOGstGa.r86KrEUjd9owSTLS68N4qq', 'user', '2026-01-17 15:59:40', 1);

--
-- Indexes for dumped tables
--

--
-- Indexes for table `guests`
--
ALTER TABLE `guests`
  ADD PRIMARY KEY (`id`),
  ADD KEY `group_id` (`group_id`);

--
-- Indexes for table `plans`
--
ALTER TABLE `plans`
  ADD PRIMARY KEY (`id`);

--
-- Indexes for table `plan_groups`
--
ALTER TABLE `plan_groups`
  ADD PRIMARY KEY (`id`),
  ADD KEY `plan_id` (`plan_id`);

--
-- Indexes for table `users`
--
ALTER TABLE `users`
  ADD PRIMARY KEY (`id`),
  ADD UNIQUE KEY `username` (`username`);

--
-- AUTO_INCREMENT for dumped tables
--

--
-- AUTO_INCREMENT for table `guests`
--
ALTER TABLE `guests`
  MODIFY `id` int(11) NOT NULL AUTO_INCREMENT, AUTO_INCREMENT=802;

--
-- AUTO_INCREMENT for table `plans`
--
ALTER TABLE `plans`
  MODIFY `id` int(11) NOT NULL AUTO_INCREMENT, AUTO_INCREMENT=12;

--
-- AUTO_INCREMENT for table `plan_groups`
--
ALTER TABLE `plan_groups`
  MODIFY `id` int(11) NOT NULL AUTO_INCREMENT, AUTO_INCREMENT=47;

--
-- AUTO_INCREMENT for table `users`
--
ALTER TABLE `users`
  MODIFY `id` int(11) NOT NULL AUTO_INCREMENT, AUTO_INCREMENT=5;

--
-- Constraints for dumped tables
--

--
-- Constraints for table `guests`
--
ALTER TABLE `guests`
  ADD CONSTRAINT `1` FOREIGN KEY (`group_id`) REFERENCES `plan_groups` (`id`) ON DELETE CASCADE;
COMMIT;

/*!40101 SET CHARACTER_SET_CLIENT=@OLD_CHARACTER_SET_CLIENT */;
/*!40101 SET CHARACTER_SET_RESULTS=@OLD_CHARACTER_SET_RESULTS */;
/*!40101 SET COLLATION_CONNECTION=@OLD_COLLATION_CONNECTION */;
